2025-10-19 11:25:21,689 INFO mch.training: Training model for node: Neuroblastoma
2025-10-19 11:25:29,752 INFO mch.training: Training model for node: Vascular/lymphatic anomalies
2025-10-19 11:25:32,981 INFO mch.training: Training model for node: Haematological malignancy
2025-10-19 11:25:33,047 ERROR mch.training: Error training model for Haematological malignancy
Traceback (most recent call last):
  File "/app/src/mch/models/training.py", line 61, in train_all_models
    result = self._prepare_node_data(node)
             ^^^^^^^^^^^^^^^^^^^^^^^^^^^^^
  File "/app/src/mch/models/training.py", line 152, in _prepare_node_data
    design = design.with_columns([
             ^^^^^^^^^^^^^^^^^^^^^
  File "/opt/venv/lib/python3.12/site-packages/polars/dataframe/frame.py", line 8634, in with_columns
    return self.lazy().with_columns(*exprs, **named_exprs).collect(_eager=True)
           ^^^^^^^^^^^^^^^^^^^^^^^^^^^^^^^^^^^^^^^^^^^^^^^^^^^^^^^^^^^^^^^^^^^^
  File "/opt/venv/lib/python3.12/site-packages/polars/lazyframe/frame.py", line 1967, in collect
    return wrap_df(ldf.collect(callback))
                   ^^^^^^^^^^^^^^^^^^^^^
polars.exceptions.ColumnNotFoundError: Histiocytosis
2025-10-19 11:38:27,637 INFO mch.training: Training model for node: Neuroblastoma
2025-10-19 11:38:37,399 INFO mch.training: Training model for node: Vascular/lymphatic anomalies
2025-10-19 11:38:40,756 INFO mch.training: Training model for node: Haematological malignancy
2025-10-19 11:39:14,108 ERROR mch.training: Error training model for Haematological malignancy
Traceback (most recent call last):
  File "/app/src/mch/models/training.py", line 92, in train_all_models
    search.fit(X_train, y_train)
  File "/opt/venv/lib/python3.12/site-packages/sklearn/base.py", line 1466, in wrapper
    estimator._validate_params()
  File "/opt/venv/lib/python3.12/site-packages/sklearn/base.py", line 666, in _validate_params
    validate_parameter_constraints(
  File "/opt/venv/lib/python3.12/site-packages/sklearn/utils/_param_validation.py", line 95, in validate_parameter_constraints
    raise InvalidParameterError(
sklearn.utils._param_validation.InvalidParameterError: The 'param_grid' parameter of GridSearchCV must be an instance of 'dict' or an instance of 'list'. Got None instead.
2025-10-19 11:48:39,082 INFO mch.training: Training model for node: Neuroblastoma
2025-10-19 11:48:47,655 INFO mch.training: Training model for node: Vascular/lymphatic anomalies
2025-10-19 11:48:50,920 INFO mch.training: Training model for node: Haematological malignancy
2025-10-19 11:49:24,056 WARNING mch.training: parameter_grid is None/empty, fit pipeline without grid search
2025-10-19 11:50:49,091 ERROR mch.training: Error training model for Haematological malignancy
Traceback (most recent call last):
  File "/app/src/mch/models/training.py", line 85, in train_all_models
    pipeline.fit(X_train, y_train)
  File "/opt/venv/lib/python3.12/site-packages/sklearn/base.py", line 1473, in wrapper
    return fit_method(estimator, *args, **kwargs)
           ^^^^^^^^^^^^^^^^^^^^^^^^^^^^^^^^^^^^^^
  File "/opt/venv/lib/python3.12/site-packages/sklearn/pipeline.py", line 469, in fit
    Xt = self._fit(X, y, routed_params)
         ^^^^^^^^^^^^^^^^^^^^^^^^^^^^^^
  File "/opt/venv/lib/python3.12/site-packages/sklearn/pipeline.py", line 406, in _fit
    X, fitted_transformer = fit_transform_one_cached(
                            ^^^^^^^^^^^^^^^^^^^^^^^^^
  File "/opt/venv/lib/python3.12/site-packages/joblib/memory.py", line 312, in __call__
    return self.func(*args, **kwargs)
           ^^^^^^^^^^^^^^^^^^^^^^^^^^
  File "/opt/venv/lib/python3.12/site-packages/sklearn/pipeline.py", line 1310, in _fit_transform_one
    res = transformer.fit_transform(X, y, **params.get("fit_transform", {}))
          ^^^^^^^^^^^^^^^^^^^^^^^^^^^^^^^^^^^^^^^^^^^^^^^^^^^^^^^^^^^^^^^^^^
  File "/opt/venv/lib/python3.12/site-packages/sklearn/utils/_set_output.py", line 316, in wrapped
    data_to_wrap = f(self, X, *args, **kwargs)
                   ^^^^^^^^^^^^^^^^^^^^^^^^^^^
  File "/opt/venv/lib/python3.12/site-packages/sklearn/base.py", line 1101, in fit_transform
    return self.fit(X, y, **fit_params).transform(X)
           ^^^^^^^^^^^^^^^^^^^^^^^^^^^^
  File "/app/src/mch/models/differentialMethylationClassifier.py", line 48, in fit
    results = self.runDifferentialMethylation(X,condition)
              ^^^^^^^^^^^^^^^^^^^^^^^^^^^^^^^^^^^^^^^^^^^^
  File "/app/src/mch/models/differentialMethylationClassifier.py", line 93, in runDifferentialMethylation
    result = self.run_r_script(dataFilename, designFilename)
             ^^^^^^^^^^^^^^^^^^^^^^^^^^^^^^^^^^^^^^^^^^^^^^^
  File "/app/src/mch/models/differentialMethylationClassifier.py", line 105, in run_r_script
    r_environment.source(str(r_script_path))
    ^^^^^^^^^^^^^^^^^^^^
AttributeError: 'NoneType' object has no attribute 'source'
2025-10-19 12:10:30,768 INFO mch.training: Training model for node: Neuroblastoma
2025-10-19 12:10:38,672 INFO mch.training: Training model for node: Vascular/lymphatic anomalies
2025-10-19 12:10:41,531 INFO mch.training: Training model for node: Haematological malignancy
2025-10-19 12:11:14,707 WARNING mch.training: parameter_grid is None/empty, fit pipeline without grid search
2025-10-19 12:12:36,615 ERROR mch.training: Error training model for Haematological malignancy
Traceback (most recent call last):
  File "/app/src/mch/models/training.py", line 85, in train_all_models
    pipeline.fit(X_train, y_train)
  File "/opt/venv/lib/python3.12/site-packages/sklearn/base.py", line 1473, in wrapper
    return fit_method(estimator, *args, **kwargs)
           ^^^^^^^^^^^^^^^^^^^^^^^^^^^^^^^^^^^^^^
  File "/opt/venv/lib/python3.12/site-packages/sklearn/pipeline.py", line 469, in fit
    Xt = self._fit(X, y, routed_params)
         ^^^^^^^^^^^^^^^^^^^^^^^^^^^^^^
  File "/opt/venv/lib/python3.12/site-packages/sklearn/pipeline.py", line 406, in _fit
    X, fitted_transformer = fit_transform_one_cached(
                            ^^^^^^^^^^^^^^^^^^^^^^^^^
  File "/opt/venv/lib/python3.12/site-packages/joblib/memory.py", line 312, in __call__
    return self.func(*args, **kwargs)
           ^^^^^^^^^^^^^^^^^^^^^^^^^^
  File "/opt/venv/lib/python3.12/site-packages/sklearn/pipeline.py", line 1310, in _fit_transform_one
    res = transformer.fit_transform(X, y, **params.get("fit_transform", {}))
          ^^^^^^^^^^^^^^^^^^^^^^^^^^^^^^^^^^^^^^^^^^^^^^^^^^^^^^^^^^^^^^^^^^
  File "/opt/venv/lib/python3.12/site-packages/sklearn/utils/_set_output.py", line 316, in wrapped
    data_to_wrap = f(self, X, *args, **kwargs)
                   ^^^^^^^^^^^^^^^^^^^^^^^^^^^
  File "/opt/venv/lib/python3.12/site-packages/sklearn/base.py", line 1101, in fit_transform
    return self.fit(X, y, **fit_params).transform(X)
           ^^^^^^^^^^^^^^^^^^^^^^^^^^^^
  File "/app/src/mch/models/differentialMethylationClassifier.py", line 46, in fit
    results = self.runDifferentialMethylation(X,condition)
              ^^^^^^^^^^^^^^^^^^^^^^^^^^^^^^^^^^^^^^^^^^^^
  File "/app/src/mch/models/differentialMethylationClassifier.py", line 91, in runDifferentialMethylation
    result = self.run_r_script(dataFilename, designFilename)
             ^^^^^^^^^^^^^^^^^^^^^^^^^^^^^^^^^^^^^^^^^^^^^^^
  File "/app/src/mch/models/differentialMethylationClassifier.py", line 107, in run_r_script
    robjects.r["source"](str(r_script_path))
  File "/opt/venv/lib/python3.12/site-packages/rpy2/robjects/functions.py", line 208, in __call__
    return (super(SignatureTranslatedFunction, self)
            ^^^^^^^^^^^^^^^^^^^^^^^^^^^^^^^^^^^^^^^^
  File "/opt/venv/lib/python3.12/site-packages/rpy2/robjects/functions.py", line 131, in __call__
    res = super(Function, self).__call__(*new_args, **new_kwargs)
          ^^^^^^^^^^^^^^^^^^^^^^^^^^^^^^^^^^^^^^^^^^^^^^^^^^^^^^^
  File "/opt/venv/lib/python3.12/site-packages/rpy2/rinterface_lib/conversion.py", line 45, in _
    cdata = function(*args, **kwargs)
            ^^^^^^^^^^^^^^^^^^^^^^^^^
  File "/opt/venv/lib/python3.12/site-packages/rpy2/rinterface.py", line 869, in __call__
    raise embedded.RRuntimeError(_rinterface._geterrmessage())
rpy2.rinterface_lib.embedded.RRuntimeError: Error in library("limma", quiet = TRUE) : 
  there is no package called ‘limma’

2025-10-19 12:31:29,390 INFO mch.training: Training model for node: Neuroblastoma
2025-10-19 12:31:36,713 INFO mch.training: Training model for node: Vascular/lymphatic anomalies
2025-10-19 12:31:39,949 INFO mch.training: Training model for node: Haematological malignancy
2025-10-19 12:32:13,168 WARNING mch.training: parameter_grid is None/empty, fit pipeline without grid search
2025-10-19 12:47:57,014 INFO mch.training: Training model for node: Neuroblastoma
2025-10-19 12:48:04,938 INFO mch.training: Training model for node: Vascular/lymphatic anomalies
2025-10-19 12:48:07,731 INFO mch.training: Training model for node: Haematological malignancy
2025-10-19 12:48:41,237 WARNING mch.training: parameter_grid is None/empty, fit pipeline without grid search
2025-10-19 13:09:24,448 INFO mch.training: Training model for node: Neuroblastoma
2025-10-19 13:09:31,998 INFO mch.training: Training model for node: Vascular/lymphatic anomalies
2025-10-19 13:09:35,483 INFO mch.training: Training model for node: Haematological malignancy
2025-10-19 13:09:53,758 WARNING mch.training: parameter_grid is None/empty, fit pipeline without grid search
2025-10-19 13:18:20,844 INFO mch.training: Training model for node: Neuroblastoma
2025-10-19 13:18:27,733 INFO mch.training: Training model for node: Vascular/lymphatic anomalies
2025-10-19 13:18:30,790 INFO mch.training: Training model for node: Haematological malignancy
2025-10-19 13:18:48,736 WARNING mch.training: parameter_grid is None/empty, fit pipeline without grid search
2025-10-19 13:36:21,486 INFO mch.training: Training model for node: Haematological malignancy
2025-10-19 13:36:43,392 ERROR mch.training: Error training model for Haematological malignancy
Traceback (most recent call last):
  File "/app/src/mch/models/training.py", line 82, in train_all_models
    var = X_train[feat_cols].var(axis=0, skipna=True)
          ^^^^^^^^^^^^^^^^^^^^^^^^^^^^^^^^^^^^^^^^^^^
  File "/opt/venv/lib/python3.12/site-packages/pandas/core/frame.py", line 11734, in var
    result = super().var(axis, skipna, ddof, numeric_only, **kwargs)
             ^^^^^^^^^^^^^^^^^^^^^^^^^^^^^^^^^^^^^^^^^^^^^^^^^^^^^^^
  File "/opt/venv/lib/python3.12/site-packages/pandas/core/generic.py", line 12346, in var
    return self._stat_function_ddof(
           ^^^^^^^^^^^^^^^^^^^^^^^^^
  File "/opt/venv/lib/python3.12/site-packages/pandas/core/generic.py", line 12322, in _stat_function_ddof
    return self._reduce(
           ^^^^^^^^^^^^^
  File "/opt/venv/lib/python3.12/site-packages/pandas/core/frame.py", line 11562, in _reduce
    res = df._mgr.reduce(blk_func)
          ^^^^^^^^^^^^^^^^^^^^^^^^
  File "/opt/venv/lib/python3.12/site-packages/pandas/core/internals/managers.py", line 1500, in reduce
    nbs = blk.reduce(func)
          ^^^^^^^^^^^^^^^^
  File "/opt/venv/lib/python3.12/site-packages/pandas/core/internals/blocks.py", line 404, in reduce
    result = func(self.values)
             ^^^^^^^^^^^^^^^^^
  File "/opt/venv/lib/python3.12/site-packages/pandas/core/frame.py", line 11481, in blk_func
    return op(values, axis=axis, skipna=skipna, **kwds)
           ^^^^^^^^^^^^^^^^^^^^^^^^^^^^^^^^^^^^^^^^^^^^
  File "/opt/venv/lib/python3.12/site-packages/pandas/core/nanops.py", line 85, in _f
    return f(*args, **kwargs)
           ^^^^^^^^^^^^^^^^^^
  File "/opt/venv/lib/python3.12/site-packages/pandas/core/nanops.py", line 147, in f
    result = alt(values, axis=axis, skipna=skipna, **kwds)
             ^^^^^^^^^^^^^^^^^^^^^^^^^^^^^^^^^^^^^^^^^^^^^
  File "/opt/venv/lib/python3.12/site-packages/pandas/core/nanops.py", line 1016, in nanvar
    sqr = _ensure_numeric((avg - values) ** 2)
                           ~~~~^~~~~~~~
TypeError: unsupported operand type(s) for -: 'float' and 'str'
2025-10-19 13:53:35,906 INFO mch.training: Training model for node: Haematological malignancy
2025-10-19 14:15:39,810 INFO mch.training: Training model for node: Haematological malignancy
2025-10-19 14:15:45,942 ERROR mch.training: Error training model for Haematological malignancy
Traceback (most recent call last):
  File "/app/src/mch/models/training.py", line 72, in train_all_models
    topk = int(self.prefilter_topk)
               ^^^^^^^^^^^^^^^^^^^
AttributeError: 'BatchModelTrainer' object has no attribute 'prefilter_topk'
2025-10-19 14:27:36,995 INFO mch.training: Training model for node: Haematological malignancy
2025-10-19 14:43:58,261 INFO mch.training: Only training specified node: Haematological malignancy
2025-10-19 14:43:58,262 INFO mch.training: Training model for node: Haematological malignancy
2025-10-19 14:53:10,377 INFO mch.training: Only training specified node: Haematological malignancy
2025-10-19 14:53:10,377 INFO mch.training: Training model for node: Haematological malignancy
2025-10-19 15:07:09,905 INFO mch.training: Only training specified node: Haematological malignancy
2025-10-19 15:07:09,906 INFO mch.training: Training model for node: Haematological malignancy
2025-10-19 15:07:16,629 INFO mch.training: Prefilter start: input shape=(108,600118), candidates=600117, topk=50, scan_max=2000, chunk_size=500
2025-10-19 15:07:16,774 INFO mch.training: Prefilter progress: scanned 500/2000 columns
2025-10-19 15:07:16,929 INFO mch.training: Prefilter progress: scanned 1000/2000 columns
2025-10-19 15:07:17,055 INFO mch.training: Prefilter progress: scanned 1500/2000 columns
2025-10-19 15:07:17,192 INFO mch.training: Prefilter progress: scanned 2000/2000 columns
2025-10-19 15:07:17,357 INFO mch.training: Prefilter done: kept 50 features
2025-10-19 15:07:17,432 ERROR mch.training: Error training model for Haematological malignancy
Traceback (most recent call last):
  File "/app/src/mch/models/training.py", line 105, in train_all_models
    X_train, X_test, y_train, y_test = train_test_split(
                                       ^^^^^^^^^^^^^^^^^
  File "/opt/venv/lib/python3.12/site-packages/sklearn/utils/_param_validation.py", line 213, in wrapper
    return func(*args, **kwargs)
           ^^^^^^^^^^^^^^^^^^^^^
  File "/opt/venv/lib/python3.12/site-packages/sklearn/model_selection/_split.py", line 2806, in train_test_split
    train, test = next(cv.split(X=arrays[0], y=stratify))
                  ^^^^^^^^^^^^^^^^^^^^^^^^^^^^^^^^^^^^^^^
  File "/opt/venv/lib/python3.12/site-packages/sklearn/model_selection/_split.py", line 1843, in split
    for train, test in self._iter_indices(X, y, groups):
  File "/opt/venv/lib/python3.12/site-packages/sklearn/model_selection/_split.py", line 2252, in _iter_indices
    raise ValueError(
ValueError: The least populated class in y has only 1 member, which is too few. The minimum number of groups for any class cannot be less than 2.
2025-10-19 15:18:06,290 INFO mch.training: Only training specified node: Haematological malignancy
2025-10-19 15:18:06,291 INFO mch.training: Training model for node: Haematological malignancy
2025-10-19 15:18:15,004 INFO mch.training: Prefilter start: input shape=(108,600118), candidates=600117, topk=50, scan_max=2000, chunk_size=500
2025-10-19 15:18:15,203 INFO mch.training: Prefilter progress: scanned 500/2000 columns
2025-10-19 15:18:15,329 INFO mch.training: Prefilter progress: scanned 1000/2000 columns
2025-10-19 15:18:15,600 INFO mch.training: Prefilter progress: scanned 1500/2000 columns
2025-10-19 15:18:15,758 INFO mch.training: Prefilter progress: scanned 2000/2000 columns
2025-10-19 15:18:15,914 INFO mch.training: Prefilter done: kept 50 features
2025-10-19 15:18:15,957 WARNING mch.training: Drop rare classes (<2 samples): Histiocytosis
2025-10-19 15:18:15,969 INFO mch.training: Train/Test shapes: X_train=(85, 50), X_test=(22, 50)
2025-10-19 15:18:15,969 INFO mch.training: DM disabled
2025-10-19 15:18:15,970 INFO mch.training: Pipeline steps: ['modelGeneration']
2025-10-19 15:18:15,970 WARNING mch.training: parameter_grid is None/empty, fit pipeline without grid search
2025-10-19 15:18:16,022 INFO mch.training: Model trained for Haematological malignancy, not saved
2025-10-19 15:26:24,105 INFO mch.training: Only training specified node: Haematological malignancy
2025-10-19 15:26:24,106 INFO mch.training: Training model for node: Haematological malignancy
2025-10-19 15:26:31,647 INFO mch.training: Prefilter start: input shape=(108,600118), candidates=600117, topk=50, scan_max=3000, chunk_size=500
2025-10-19 15:26:31,875 INFO mch.training: Prefilter progress: scanned 500/3000 columns
2025-10-19 15:26:32,031 INFO mch.training: Prefilter progress: scanned 1000/3000 columns
2025-10-19 15:26:32,182 INFO mch.training: Prefilter progress: scanned 1500/3000 columns
2025-10-19 15:26:32,320 INFO mch.training: Prefilter progress: scanned 2000/3000 columns
2025-10-19 15:26:32,493 INFO mch.training: Prefilter progress: scanned 2500/3000 columns
2025-10-19 15:26:32,621 INFO mch.training: Prefilter progress: scanned 3000/3000 columns
2025-10-19 15:26:32,785 INFO mch.training: Prefilter done: kept 50 features
2025-10-19 15:26:33,135 WARNING mch.training: Drop rare classes (<2 samples): Histiocytosis
2025-10-19 15:26:33,222 INFO mch.training: Train/Test shapes: X_train=(85, 50), X_test=(22, 50)
2025-10-19 15:26:33,229 INFO mch.training: DM disabled
2025-10-19 15:26:33,233 INFO mch.training: Pipeline steps: ['modelGeneration']
2025-10-19 15:26:33,235 WARNING mch.training: parameter_grid is None/empty, fit pipeline without grid search
2025-10-19 15:26:33,380 INFO mch.training: Test accuracy: 0.8182, macro_f1: 0.3000, weighted_f1: 0.7773
2025-10-19 15:26:33,385 INFO mch.training: Model trained for Haematological malignancy, not saved2025-11-02 13:41:57,731 INFO mch.training: Training model for node: Neuroblastoma
2025-11-02 13:41:59,499 INFO mch.training: Training model for node: Vascular/lymphatic anomalies
2025-11-02 13:42:00,875 INFO mch.training: Training model for node: Haematological malignancy
2025-11-02 13:42:02,790 INFO mch.training: Training model for node: Sarcoma
2025-11-02 13:42:04,392 INFO mch.training: Training model for node: Solid tumour
2025-11-02 13:42:06,054 INFO mch.training: Training model for node: Central nervous system
2025-11-02 13:42:07,284 INFO mch.training: Training model for node: Overgrowth syndrome
2025-11-02 13:47:18,468 INFO mch.training: Training model for node: Neuroblastoma
2025-11-02 13:47:19,888 INFO mch.training: Training model for node: Vascular/lymphatic anomalies
2025-11-02 13:47:21,104 INFO mch.training: Training model for node: Haematological malignancy
2025-11-02 13:47:22,661 INFO mch.training: Training model for node: Sarcoma
2025-11-02 13:47:24,744 INFO mch.training: Training model for node: Solid tumour
2025-11-02 13:47:26,021 INFO mch.training: Training model for node: Central nervous system
2025-11-02 13:47:27,330 INFO mch.training: Training model for node: Overgrowth syndrome
2025-11-02 13:48:25,380 INFO mch.training: Training model for node: Neuroblastoma
2025-11-02 13:48:26,664 INFO mch.training: Training model for node: Vascular/lymphatic anomalies
2025-11-02 13:48:27,784 INFO mch.training: Training model for node: Haematological malignancy
2025-11-02 13:48:31,806 INFO mch.training: Training model for node: Sarcoma
2025-11-02 13:48:33,100 INFO mch.training: Training model for node: Solid tumour
2025-11-02 13:48:34,355 INFO mch.training: Training model for node: Central nervous system
2025-11-02 13:48:35,633 INFO mch.training: Training model for node: Overgrowth syndrome
2025-11-02 13:49:43,842 INFO mch.training: Training model for node: Neuroblastoma
2025-11-02 13:49:45,106 INFO mch.training: Training model for node: Vascular/lymphatic anomalies
2025-11-02 13:49:46,253 INFO mch.training: Training model for node: Haematological malignancy
2025-11-02 13:49:47,551 INFO mch.training: Training model for node: Sarcoma
2025-11-02 13:49:48,834 INFO mch.training: Training model for node: Solid tumour
2025-11-02 13:49:50,146 INFO mch.training: Training model for node: Central nervous system
2025-11-02 13:49:51,468 INFO mch.training: Training model for node: Overgrowth syndrome
2025-11-02 13:52:03,410 INFO mch.training: Training model for node: Neuroblastoma
2025-11-02 13:52:04,775 INFO mch.training: Training model for node: Vascular/lymphatic anomalies
2025-11-02 13:52:05,938 INFO mch.training: Training model for node: Haematological malignancy
2025-11-02 13:52:09,954 INFO mch.training: Training model for node: Sarcoma
2025-11-02 13:52:11,275 INFO mch.training: Training model for node: Solid tumour
2025-11-02 13:52:12,632 INFO mch.training: Training model for node: Central nervous system
2025-11-02 13:52:13,799 INFO mch.training: Training model for node: Overgrowth syndrome
2025-11-02 13:57:18,145 INFO mch.training: Training model for node: Neuroblastoma
2025-11-02 13:57:18,604 INFO mch.training: Training model for node: Vascular/lymphatic anomalies
2025-11-02 13:57:19,063 INFO mch.training: Training model for node: Haematological malignancy
2025-11-02 13:57:20,237 INFO mch.training: Training model for node: Sarcoma
2025-11-02 13:57:21,027 INFO mch.training: Training model for node: Solid tumour
2025-11-02 13:57:21,947 INFO mch.training: Training model for node: Central nervous system
2025-11-02 13:57:23,047 INFO mch.training: Training model for node: Overgrowth syndrome
2025-11-03 07:21:37,738 INFO mch.training: Training model for node: Neuroblastoma
2025-11-03 07:21:42,306 INFO mch.training: Training model for node: Vascular/lymphatic anomalies
2025-11-03 07:21:43,453 INFO mch.training: Training model for node: Haematological malignancy
2025-11-03 07:21:51,101 INFO mch.training: Training model for node: Sarcoma
2025-11-03 07:21:52,261 INFO mch.training: Training model for node: Solid tumour
2025-11-03 07:21:53,339 INFO mch.training: Training model for node: Central nervous system
2025-11-03 07:21:54,416 INFO mch.training: Training model for node: Overgrowth syndrome
2025-11-03 14:04:10,275 INFO mch.training: Training model for node: Neuroblastoma
2025-11-03 14:04:17,054 INFO mch.training: Training model for node: Vascular/lymphatic anomalies
2025-11-03 14:04:23,599 INFO mch.training: Training model for node: Haematological malignancy
2025-11-03 14:04:30,517 INFO mch.training: Training model for node: Sarcoma
2025-11-03 14:04:37,543 INFO mch.training: Training model for node: Solid tumour
2025-11-03 14:04:44,356 INFO mch.training: Training model for node: Central nervous system
2025-11-03 14:04:51,849 INFO mch.training: Training model for node: Overgrowth syndrome
2025-11-04 00:50:26,098 INFO mch.training: Training model for node: Neuroblastoma
2025-11-04 00:50:40,606 INFO mch.training: Training model for node: Vascular/lymphatic anomalies
2025-11-04 00:50:45,767 INFO mch.training: Training model for node: Haematological malignancy
2025-11-04 00:50:59,175 INFO mch.training: Prefilter start: input shape=(108,600118), candidates=600117, topk=0, scan_max=5000, chunk_size=1000
2025-11-04 00:50:59,177 INFO mch.training: Prefilter bypass: kept=600117
2025-11-04 00:51:26,558 WARNING mch.training: Drop rare classes (<2 samples): Histiocytosis
2025-11-04 00:51:27,395 INFO mch.training: Train/Test shapes: X_train=(85, 600117), X_test=(22, 600117)
2025-11-04 00:51:27,398 INFO mch.training: DM disabled
2025-11-04 00:51:27,399 INFO mch.training: Pipeline steps: ['modelGeneration']
2025-11-04 00:51:27,401 WARNING mch.training: parameter_grid is None/empty, fit pipeline without grid search
2025-11-04 00:56:13,080 ERROR mch.training: Error training model for Haematological malignancy
Traceback (most recent call last):
  File "/Workspace/9900-f18a-cake/working_branch/src/mch/models/training.py", line 162, in train_all_models
    pipeline.fit(X_train, y_train)
  File "/databricks/python/lib/python3.12/site-packages/mlflow/utils/autologging_utils/safety.py", line 592, in safe_patch_function
    patch_function(call_original, *args, **kwargs)
  File "/databricks/python/lib/python3.12/site-packages/mlflow/utils/autologging_utils/safety.py", line 259, in patch_with_managed_run
    result = patch_function(original, *args, **kwargs)
             ^^^^^^^^^^^^^^^^^^^^^^^^^^^^^^^^^^^^^^^^^
  File "/databricks/python/lib/python3.12/site-packages/mlflow/sklearn/__init__.py", line 1655, in patched_fit
    result = fit_impl(original, self, *args, **kwargs)
             ^^^^^^^^^^^^^^^^^^^^^^^^^^^^^^^^^^^^^^^^^
  File "/databricks/python/lib/python3.12/site-packages/mlflow/sklearn/__init__.py", line 1430, in fit_mlflow
    fit_output = original(self, *args, **kwargs)
                 ^^^^^^^^^^^^^^^^^^^^^^^^^^^^^^^
  File "/databricks/python/lib/python3.12/site-packages/mlflow/utils/autologging_utils/safety.py", line 573, in call_original
    return call_original_fn_with_event_logging(_original_fn, og_args, og_kwargs)
           ^^^^^^^^^^^^^^^^^^^^^^^^^^^^^^^^^^^^^^^^^^^^^^^^^^^^^^^^^^^^^^^^^^^^^
  File "/databricks/python/lib/python3.12/site-packages/mlflow/utils/autologging_utils/safety.py", line 508, in call_original_fn_with_event_logging
    original_fn_result = original_fn(*og_args, **og_kwargs)
                         ^^^^^^^^^^^^^^^^^^^^^^^^^^^^^^^^^^
  File "/databricks/python/lib/python3.12/site-packages/mlflow/utils/autologging_utils/safety.py", line 570, in _original_fn
    original_result = original(*_og_args, **_og_kwargs)
                      ^^^^^^^^^^^^^^^^^^^^^^^^^^^^^^^^^
  File "/databricks/python_shell/lib/dbruntime/MLWorkloadsInstrumentation/_sklearn.py", line 29, in patch_function
    original_result = original(self, *args, **kwargs)
                      ^^^^^^^^^^^^^^^^^^^^^^^^^^^^^^^
  File "/local_disk0/.ephemeral_nfs/cluster_libraries/python/lib/python3.12/site-packages/sklearn/base.py", line 1473, in wrapper
    return fit_method(estimator, *args, **kwargs)
           ^^^^^^^^^^^^^^^^^^^^^^^^^^^^^^^^^^^^^^
  File "/local_disk0/.ephemeral_nfs/cluster_libraries/python/lib/python3.12/site-packages/sklearn/pipeline.py", line 473, in fit
    self._final_estimator.fit(Xt, y, **last_step_params["fit"])
  File "/databricks/python/lib/python3.12/site-packages/mlflow/utils/autologging_utils/safety.py", line 592, in safe_patch_function
    patch_function(call_original, *args, **kwargs)
  File "/databricks/python/lib/python3.12/site-packages/mlflow/utils/autologging_utils/safety.py", line 259, in patch_with_managed_run
    result = patch_function(original, *args, **kwargs)
             ^^^^^^^^^^^^^^^^^^^^^^^^^^^^^^^^^^^^^^^^^
  File "/databricks/python/lib/python3.12/site-packages/mlflow/sklearn/__init__.py", line 1662, in patched_fit
    return original(self, *args, **kwargs)
           ^^^^^^^^^^^^^^^^^^^^^^^^^^^^^^^
  File "/databricks/python/lib/python3.12/site-packages/mlflow/utils/autologging_utils/safety.py", line 573, in call_original
    return call_original_fn_with_event_logging(_original_fn, og_args, og_kwargs)
           ^^^^^^^^^^^^^^^^^^^^^^^^^^^^^^^^^^^^^^^^^^^^^^^^^^^^^^^^^^^^^^^^^^^^^
  File "/databricks/python/lib/python3.12/site-packages/mlflow/utils/autologging_utils/safety.py", line 508, in call_original_fn_with_event_logging
    original_fn_result = original_fn(*og_args, **og_kwargs)
                         ^^^^^^^^^^^^^^^^^^^^^^^^^^^^^^^^^^
  File "/databricks/python/lib/python3.12/site-packages/mlflow/utils/autologging_utils/safety.py", line 570, in _original_fn
    original_result = original(*_og_args, **_og_kwargs)
                      ^^^^^^^^^^^^^^^^^^^^^^^^^^^^^^^^^
  File "/databricks/python_shell/lib/dbruntime/MLWorkloadsInstrumentation/_sklearn.py", line 29, in patch_function
    original_result = original(self, *args, **kwargs)
                      ^^^^^^^^^^^^^^^^^^^^^^^^^^^^^^^
  File "/local_disk0/.ephemeral_nfs/cluster_libraries/python/lib/python3.12/site-packages/sklearn/base.py", line 1473, in wrapper
    return fit_method(estimator, *args, **kwargs)
           ^^^^^^^^^^^^^^^^^^^^^^^^^^^^^^^^^^^^^^
  File "/local_disk0/.ephemeral_nfs/cluster_libraries/python/lib/python3.12/site-packages/sklearn/ensemble/_forest.py", line 377, in fit
    estimator._compute_missing_values_in_feature_mask(
  File "/local_disk0/.ephemeral_nfs/cluster_libraries/python/lib/python3.12/site-packages/sklearn/tree/_classes.py", line 222, in _compute_missing_values_in_feature_mask
    _assert_all_finite_element_wise(X, xp=np, allow_nan=True, **common_kwargs)
  File "/local_disk0/.ephemeral_nfs/cluster_libraries/python/lib/python3.12/site-packages/sklearn/utils/validation.py", line 172, in _assert_all_finite_element_wise
    raise ValueError(msg_err)
ValueError: Input X contains infinity or a value too large for dtype('float32').
2025-11-04 01:05:52,743 INFO mch.training: Training model for node: Neuroblastoma
2025-11-04 01:06:05,885 INFO mch.training: Training model for node: Vascular/lymphatic anomalies
2025-11-04 01:06:11,424 INFO mch.training: Training model for node: Haematological malignancy
2025-11-04 01:06:23,875 INFO mch.training: Prefilter start: input shape=(108,600118), candidates=600117, topk=0, scan_max=5000, chunk_size=1000
2025-11-04 01:06:23,890 INFO mch.training: Prefilter bypass: kept=600117
2025-11-04 01:06:51,768 WARNING mch.training: Drop rare classes (<2 samples): Histiocytosis
2025-11-04 01:06:52,337 INFO mch.training: Train/Test shapes: X_train=(85, 600117), X_test=(22, 600117)
2025-11-04 01:06:52,339 INFO mch.training: DM disabled
2025-11-04 01:06:52,341 ERROR mch.training: Error training model for Haematological malignancy
Traceback (most recent call last):
  File "/Workspace/9900-f18a-cake/working_branch/src/mch/models/training.py", line 158, in train_all_models
    ("replace_inf", FunctionTransformer(_replace_inf, validate=False)),
                    ^^^^^^^^^^^^^^^^^^^
NameError: name 'FunctionTransformer' is not defined
2025-11-04 01:11:43,903 INFO mch.training: Training model for node: Neuroblastoma
2025-11-04 01:11:57,553 INFO mch.training: Training model for node: Vascular/lymphatic anomalies
2025-11-04 01:12:03,092 INFO mch.training: Training model for node: Haematological malignancy
2025-11-04 01:12:16,658 INFO mch.training: Prefilter start: input shape=(108,600118), candidates=600117, topk=0, scan_max=5000, chunk_size=1000
2025-11-04 01:12:16,660 INFO mch.training: Prefilter bypass: kept=600117
2025-11-04 01:12:44,173 WARNING mch.training: Drop rare classes (<2 samples): Histiocytosis
2025-11-04 01:12:44,721 INFO mch.training: Train/Test shapes: X_train=(85, 600117), X_test=(22, 600117)
2025-11-04 01:12:44,723 INFO mch.training: DM disabled
2025-11-04 01:12:44,725 INFO mch.training: Pipeline steps: ['modelGeneration', 'differentialMethylation', 'replace_inf']
2025-11-04 01:12:44,726 WARNING mch.training: parameter_grid is None/empty, fit pipeline without grid search
2025-11-04 01:16:53,156 ERROR mch.training: Error training model for Haematological malignancy
Traceback (most recent call last):
  File "/Workspace/9900-f18a-cake/working_branch/src/mch/models/training.py", line 173, in train_all_models
    pipeline.fit(X_train, y_train)
  File "/databricks/python/lib/python3.12/site-packages/mlflow/utils/autologging_utils/safety.py", line 592, in safe_patch_function
    patch_function(call_original, *args, **kwargs)
  File "/databricks/python/lib/python3.12/site-packages/mlflow/utils/autologging_utils/safety.py", line 259, in patch_with_managed_run
    result = patch_function(original, *args, **kwargs)
             ^^^^^^^^^^^^^^^^^^^^^^^^^^^^^^^^^^^^^^^^^
  File "/databricks/python/lib/python3.12/site-packages/mlflow/sklearn/__init__.py", line 1655, in patched_fit
    result = fit_impl(original, self, *args, **kwargs)
             ^^^^^^^^^^^^^^^^^^^^^^^^^^^^^^^^^^^^^^^^^
  File "/databricks/python/lib/python3.12/site-packages/mlflow/sklearn/__init__.py", line 1430, in fit_mlflow
    fit_output = original(self, *args, **kwargs)
                 ^^^^^^^^^^^^^^^^^^^^^^^^^^^^^^^
  File "/databricks/python/lib/python3.12/site-packages/mlflow/utils/autologging_utils/safety.py", line 573, in call_original
    return call_original_fn_with_event_logging(_original_fn, og_args, og_kwargs)
           ^^^^^^^^^^^^^^^^^^^^^^^^^^^^^^^^^^^^^^^^^^^^^^^^^^^^^^^^^^^^^^^^^^^^^
  File "/databricks/python/lib/python3.12/site-packages/mlflow/utils/autologging_utils/safety.py", line 508, in call_original_fn_with_event_logging
    original_fn_result = original_fn(*og_args, **og_kwargs)
                         ^^^^^^^^^^^^^^^^^^^^^^^^^^^^^^^^^^
  File "/databricks/python/lib/python3.12/site-packages/mlflow/utils/autologging_utils/safety.py", line 570, in _original_fn
    original_result = original(*_og_args, **_og_kwargs)
                      ^^^^^^^^^^^^^^^^^^^^^^^^^^^^^^^^^
  File "/databricks/python_shell/lib/dbruntime/MLWorkloadsInstrumentation/_sklearn.py", line 29, in patch_function
    original_result = original(self, *args, **kwargs)
                      ^^^^^^^^^^^^^^^^^^^^^^^^^^^^^^^
  File "/local_disk0/.ephemeral_nfs/cluster_libraries/python/lib/python3.12/site-packages/sklearn/base.py", line 1473, in wrapper
    return fit_method(estimator, *args, **kwargs)
           ^^^^^^^^^^^^^^^^^^^^^^^^^^^^^^^^^^^^^^
  File "/local_disk0/.ephemeral_nfs/cluster_libraries/python/lib/python3.12/site-packages/sklearn/pipeline.py", line 469, in fit
    Xt = self._fit(X, y, routed_params)
         ^^^^^^^^^^^^^^^^^^^^^^^^^^^^^^
  File "/local_disk0/.ephemeral_nfs/cluster_libraries/python/lib/python3.12/site-packages/sklearn/pipeline.py", line 386, in _fit
    self._validate_steps()
  File "/local_disk0/.ephemeral_nfs/cluster_libraries/python/lib/python3.12/site-packages/sklearn/pipeline.py", line 256, in _validate_steps
    raise TypeError(
TypeError: All intermediate steps should be transformers and implement fit and transform or be the string 'passthrough' 'RandomForestClassifier(max_depth=10, n_estimators=50, n_jobs=1, random_state=42)' (type <class 'sklearn.ensemble._forest.RandomForestClassifier'>) doesn't
2025-11-04 01:23:10,283 INFO mch.training: Training model for node: Neuroblastoma
2025-11-04 01:23:25,092 INFO mch.training: Training model for node: Vascular/lymphatic anomalies
2025-11-04 01:23:30,811 INFO mch.training: Training model for node: Haematological malignancy
2025-11-04 01:23:44,189 INFO mch.training: Prefilter start: input shape=(108,600118), candidates=600117, topk=0, scan_max=5000, chunk_size=1000
2025-11-04 01:23:44,192 INFO mch.training: Prefilter bypass: kept=600117
2025-11-04 01:24:12,181 WARNING mch.training: Drop rare classes (<2 samples): Histiocytosis
2025-11-04 01:24:12,759 INFO mch.training: Train/Test shapes: X_train=(85, 600117), X_test=(22, 600117)
2025-11-04 01:24:12,761 INFO mch.training: DM enabled
2025-11-04 01:24:12,763 INFO mch.training: Pipeline steps: ['replace_inf', 'differentialMethylation', 'modelGeneration']
2025-11-04 01:24:12,764 WARNING mch.training: parameter_grid is None/empty, fit pipeline without grid search
2025-11-04 01:28:26,385 ERROR mch.training: Error training model for Haematological malignancy
Traceback (most recent call last):
  File "/Workspace/9900-f18a-cake/working_branch/src/mch/models/training.py", line 173, in train_all_models
    pipeline.fit(X_train, y_train)
  File "/databricks/python/lib/python3.12/site-packages/mlflow/utils/autologging_utils/safety.py", line 592, in safe_patch_function
    patch_function(call_original, *args, **kwargs)
  File "/databricks/python/lib/python3.12/site-packages/mlflow/utils/autologging_utils/safety.py", line 259, in patch_with_managed_run
    result = patch_function(original, *args, **kwargs)
             ^^^^^^^^^^^^^^^^^^^^^^^^^^^^^^^^^^^^^^^^^
  File "/databricks/python/lib/python3.12/site-packages/mlflow/sklearn/__init__.py", line 1655, in patched_fit
    result = fit_impl(original, self, *args, **kwargs)
             ^^^^^^^^^^^^^^^^^^^^^^^^^^^^^^^^^^^^^^^^^
  File "/databricks/python/lib/python3.12/site-packages/mlflow/sklearn/__init__.py", line 1430, in fit_mlflow
    fit_output = original(self, *args, **kwargs)
                 ^^^^^^^^^^^^^^^^^^^^^^^^^^^^^^^
  File "/databricks/python/lib/python3.12/site-packages/mlflow/utils/autologging_utils/safety.py", line 573, in call_original
    return call_original_fn_with_event_logging(_original_fn, og_args, og_kwargs)
           ^^^^^^^^^^^^^^^^^^^^^^^^^^^^^^^^^^^^^^^^^^^^^^^^^^^^^^^^^^^^^^^^^^^^^
  File "/databricks/python/lib/python3.12/site-packages/mlflow/utils/autologging_utils/safety.py", line 508, in call_original_fn_with_event_logging
    original_fn_result = original_fn(*og_args, **og_kwargs)
                         ^^^^^^^^^^^^^^^^^^^^^^^^^^^^^^^^^^
  File "/databricks/python/lib/python3.12/site-packages/mlflow/utils/autologging_utils/safety.py", line 570, in _original_fn
    original_result = original(*_og_args, **_og_kwargs)
                      ^^^^^^^^^^^^^^^^^^^^^^^^^^^^^^^^^
  File "/databricks/python_shell/lib/dbruntime/MLWorkloadsInstrumentation/_sklearn.py", line 29, in patch_function
    original_result = original(self, *args, **kwargs)
                      ^^^^^^^^^^^^^^^^^^^^^^^^^^^^^^^
  File "/local_disk0/.ephemeral_nfs/cluster_libraries/python/lib/python3.12/site-packages/sklearn/base.py", line 1473, in wrapper
    return fit_method(estimator, *args, **kwargs)
           ^^^^^^^^^^^^^^^^^^^^^^^^^^^^^^^^^^^^^^
  File "/local_disk0/.ephemeral_nfs/cluster_libraries/python/lib/python3.12/site-packages/sklearn/pipeline.py", line 469, in fit
    Xt = self._fit(X, y, routed_params)
         ^^^^^^^^^^^^^^^^^^^^^^^^^^^^^^
  File "/local_disk0/.ephemeral_nfs/cluster_libraries/python/lib/python3.12/site-packages/sklearn/pipeline.py", line 406, in _fit
    X, fitted_transformer = fit_transform_one_cached(
                            ^^^^^^^^^^^^^^^^^^^^^^^^^
  File "/databricks/python/lib/python3.12/site-packages/joblib/memory.py", line 312, in __call__
    return self.func(*args, **kwargs)
           ^^^^^^^^^^^^^^^^^^^^^^^^^^
  File "/local_disk0/.ephemeral_nfs/cluster_libraries/python/lib/python3.12/site-packages/sklearn/pipeline.py", line 1310, in _fit_transform_one
    res = transformer.fit_transform(X, y, **params.get("fit_transform", {}))
          ^^^^^^^^^^^^^^^^^^^^^^^^^^^^^^^^^^^^^^^^^^^^^^^^^^^^^^^^^^^^^^^^^^
  File "/local_disk0/.ephemeral_nfs/cluster_libraries/python/lib/python3.12/site-packages/sklearn/utils/_set_output.py", line 316, in wrapped
    data_to_wrap = f(self, X, *args, **kwargs)
                   ^^^^^^^^^^^^^^^^^^^^^^^^^^^
  File "/local_disk0/.ephemeral_nfs/cluster_libraries/python/lib/python3.12/site-packages/sklearn/base.py", line 1101, in fit_transform
    return self.fit(X, y, **fit_params).transform(X)
           ^^^^^^^^^^^^^^^^^^^^^^^^^^^^^^^^^^^^^^^^^
  File "/local_disk0/.ephemeral_nfs/cluster_libraries/python/lib/python3.12/site-packages/sklearn/utils/_set_output.py", line 316, in wrapped
    data_to_wrap = f(self, X, *args, **kwargs)
                   ^^^^^^^^^^^^^^^^^^^^^^^^^^^
  File "/local_disk0/.ephemeral_nfs/cluster_libraries/python/lib/python3.12/site-packages/sklearn/preprocessing/_function_transformer.py", line 252, in transform
    out = self._transform(X, func=self.func, kw_args=self.kw_args)
          ^^^^^^^^^^^^^^^^^^^^^^^^^^^^^^^^^^^^^^^^^^^^^^^^^^^^^^^^
  File "/local_disk0/.ephemeral_nfs/cluster_libraries/python/lib/python3.12/site-packages/sklearn/preprocessing/_function_transformer.py", line 379, in _transform
    return func(X, **(kw_args if kw_args else {}))
           ^^^^^^^^^^^^^^^^^^^^^^^^^^^^^^^^^^^^^^^
  File "/Workspace/9900-f18a-cake/working_branch/src/mch/models/training.py", line 29, in _replace_inf
    X = np.asarray(X, dtype=np.float64)
        ^^
NameError: name 'np' is not defined
2025-11-04 01:41:22,902 INFO mch.training: Only training specified node: Haematological malignancy
2025-11-04 01:41:22,904 INFO mch.training: Training model for node: Haematological malignancy
2025-11-04 01:41:36,054 INFO mch.training: Prefilter start: input shape=(108,600118), candidates=600117, topk=0, scan_max=5000, chunk_size=1000
2025-11-04 01:41:36,069 INFO mch.training: Prefilter bypass: kept=600117
2025-11-04 01:42:02,901 WARNING mch.training: Drop rare classes (<2 samples): Histiocytosis
2025-11-04 01:42:03,532 INFO mch.training: Train/Test shapes: X_train=(85, 600117), X_test=(22, 600117)
2025-11-04 01:42:03,534 INFO mch.training: DM enabled
2025-11-04 01:42:03,536 INFO mch.training: Pipeline steps: ['replace_inf', 'differentialMethylation', 'modelGeneration']
2025-11-04 01:42:03,537 WARNING mch.training: parameter_grid is None/empty, fit pipeline without grid search
2025-11-04 01:47:06,897 ERROR mch.training: Error training model for Haematological malignancy
Traceback (most recent call last):
  File "/Workspace/9900-f18a-cake/working_branch/src/mch/models/training.py", line 174, in train_all_models
    pipeline.fit(X_train, y_train)
  File "/databricks/python/lib/python3.12/site-packages/mlflow/utils/autologging_utils/safety.py", line 592, in safe_patch_function
    patch_function(call_original, *args, **kwargs)
  File "/databricks/python/lib/python3.12/site-packages/mlflow/utils/autologging_utils/safety.py", line 259, in patch_with_managed_run
    result = patch_function(original, *args, **kwargs)
             ^^^^^^^^^^^^^^^^^^^^^^^^^^^^^^^^^^^^^^^^^
  File "/databricks/python/lib/python3.12/site-packages/mlflow/sklearn/__init__.py", line 1655, in patched_fit
    result = fit_impl(original, self, *args, **kwargs)
             ^^^^^^^^^^^^^^^^^^^^^^^^^^^^^^^^^^^^^^^^^
  File "/databricks/python/lib/python3.12/site-packages/mlflow/sklearn/__init__.py", line 1430, in fit_mlflow
    fit_output = original(self, *args, **kwargs)
                 ^^^^^^^^^^^^^^^^^^^^^^^^^^^^^^^
  File "/databricks/python/lib/python3.12/site-packages/mlflow/utils/autologging_utils/safety.py", line 573, in call_original
    return call_original_fn_with_event_logging(_original_fn, og_args, og_kwargs)
           ^^^^^^^^^^^^^^^^^^^^^^^^^^^^^^^^^^^^^^^^^^^^^^^^^^^^^^^^^^^^^^^^^^^^^
  File "/databricks/python/lib/python3.12/site-packages/mlflow/utils/autologging_utils/safety.py", line 508, in call_original_fn_with_event_logging
    original_fn_result = original_fn(*og_args, **og_kwargs)
                         ^^^^^^^^^^^^^^^^^^^^^^^^^^^^^^^^^^
  File "/databricks/python/lib/python3.12/site-packages/mlflow/utils/autologging_utils/safety.py", line 570, in _original_fn
    original_result = original(*_og_args, **_og_kwargs)
                      ^^^^^^^^^^^^^^^^^^^^^^^^^^^^^^^^^
  File "/databricks/python_shell/lib/dbruntime/MLWorkloadsInstrumentation/_sklearn.py", line 29, in patch_function
    original_result = original(self, *args, **kwargs)
                      ^^^^^^^^^^^^^^^^^^^^^^^^^^^^^^^
  File "/local_disk0/.ephemeral_nfs/cluster_libraries/python/lib/python3.12/site-packages/sklearn/base.py", line 1473, in wrapper
    return fit_method(estimator, *args, **kwargs)
           ^^^^^^^^^^^^^^^^^^^^^^^^^^^^^^^^^^^^^^
  File "/local_disk0/.ephemeral_nfs/cluster_libraries/python/lib/python3.12/site-packages/sklearn/pipeline.py", line 469, in fit
    Xt = self._fit(X, y, routed_params)
         ^^^^^^^^^^^^^^^^^^^^^^^^^^^^^^
  File "/local_disk0/.ephemeral_nfs/cluster_libraries/python/lib/python3.12/site-packages/sklearn/pipeline.py", line 406, in _fit
    X, fitted_transformer = fit_transform_one_cached(
                            ^^^^^^^^^^^^^^^^^^^^^^^^^
  File "/databricks/python/lib/python3.12/site-packages/joblib/memory.py", line 312, in __call__
    return self.func(*args, **kwargs)
           ^^^^^^^^^^^^^^^^^^^^^^^^^^
  File "/local_disk0/.ephemeral_nfs/cluster_libraries/python/lib/python3.12/site-packages/sklearn/pipeline.py", line 1310, in _fit_transform_one
    res = transformer.fit_transform(X, y, **params.get("fit_transform", {}))
          ^^^^^^^^^^^^^^^^^^^^^^^^^^^^^^^^^^^^^^^^^^^^^^^^^^^^^^^^^^^^^^^^^^
  File "/local_disk0/.ephemeral_nfs/cluster_libraries/python/lib/python3.12/site-packages/sklearn/utils/_set_output.py", line 316, in wrapped
    data_to_wrap = f(self, X, *args, **kwargs)
                   ^^^^^^^^^^^^^^^^^^^^^^^^^^^
  File "/local_disk0/.ephemeral_nfs/cluster_libraries/python/lib/python3.12/site-packages/sklearn/base.py", line 1101, in fit_transform
    return self.fit(X, y, **fit_params).transform(X)
           ^^^^^^^^^^^^^^^^^^^^^^^^^^^^
  File "/Workspace/9900-f18a-cake/working_branch/src/mch/models/differentialMethylationClassifier.py", line 46, in fit
    results = self.runDifferentialMethylation(X,condition)
              ^^^^^^^^^^^^^^^^^^^^^^^^^^^^^^^^^^^^^^^^^^^^
  File "/Workspace/9900-f18a-cake/working_branch/src/mch/models/differentialMethylationClassifier.py", line 72, in runDifferentialMethylation
    X = X.apply(pd.to_numeric, errors='coerce')
        ^^^^^^^
AttributeError: 'numpy.ndarray' object has no attribute 'apply'
2025-11-04 01:50:58,026 INFO mch.training: Only training specified node: Haematological malignancy
2025-11-04 01:50:58,028 INFO mch.training: Training model for node: Haematological malignancy
2025-11-04 01:51:12,966 INFO mch.training: Prefilter start: input shape=(108,600118), candidates=600117, topk=200, scan_max=5000, chunk_size=1000
2025-11-04 01:51:13,451 INFO mch.training: Prefilter progress: scanned 1000/5000 columns
2025-11-04 01:51:13,907 INFO mch.training: Prefilter progress: scanned 2000/5000 columns
2025-11-04 01:51:14,349 INFO mch.training: Prefilter progress: scanned 3000/5000 columns
2025-11-04 01:51:14,809 INFO mch.training: Prefilter progress: scanned 4000/5000 columns
2025-11-04 01:51:15,241 INFO mch.training: Prefilter progress: scanned 5000/5000 columns
2025-11-04 01:51:15,776 INFO mch.training: Prefilter done: kept 200 features
2025-11-04 01:51:15,801 WARNING mch.training: Drop rare classes (<2 samples): Histiocytosis
2025-11-04 01:51:15,810 INFO mch.training: Train/Test shapes: X_train=(85, 200), X_test=(22, 200)
2025-11-04 01:51:15,811 INFO mch.training: DM disabled
2025-11-04 01:51:15,813 INFO mch.training: Pipeline steps: ['modelGeneration']
2025-11-04 01:51:15,814 WARNING mch.training: parameter_grid is None/empty, fit pipeline without grid search
2025-11-04 07:52:28,047 INFO mch.training: Training model for node: Neuroblastoma
2025-11-04 07:52:40,427 INFO mch.training: Training model for node: Vascular/lymphatic anomalies
2025-11-04 07:52:44,372 INFO mch.training: Training model for node: Haematological malignancy
2025-11-04 07:52:55,681 INFO mch.training: Prefilter start: input shape=(108,600118), candidates=600117, topk=200, scan_max=5000, chunk_size=1000
2025-11-04 07:52:56,040 INFO mch.training: Prefilter progress: scanned 1000/5000 columns
2025-11-04 07:52:56,374 INFO mch.training: Prefilter progress: scanned 2000/5000 columns
2025-11-04 07:52:56,720 INFO mch.training: Prefilter progress: scanned 3000/5000 columns
2025-11-04 07:52:57,066 INFO mch.training: Prefilter progress: scanned 4000/5000 columns
2025-11-04 07:52:57,406 INFO mch.training: Prefilter progress: scanned 5000/5000 columns
2025-11-04 07:52:57,815 INFO mch.training: Prefilter done: kept 200 features
2025-11-04 07:52:57,831 WARNING mch.training: Drop rare classes (<2 samples): Histiocytosis
2025-11-04 07:52:57,837 INFO mch.training: Train/Test shapes: X_train=(85, 200), X_test=(22, 200)
2025-11-04 07:52:57,838 INFO mch.training: DM disabled
2025-11-04 07:52:57,840 INFO mch.training: Pipeline steps: ['modelGeneration']
2025-11-04 07:52:57,841 WARNING mch.training: parameter_grid is None/empty, fit pipeline without grid search
2025-11-04 07:53:07,930 INFO mch.training: Test accuracy: 0.8636, macro_f1: 0.3089, weighted_f1: 0.8004
2025-11-04 07:53:07,937 INFO mch.training: Model trained for Haematological malignancy, not saved
2025-11-04 07:53:07,938 INFO mch.training: Training model for node: Sarcoma
2025-11-04 07:53:21,387 INFO mch.training: Prefilter start: input shape=(80,600118), candidates=600117, topk=200, scan_max=5000, chunk_size=1000
2025-11-04 07:53:21,768 INFO mch.training: Prefilter progress: scanned 1000/5000 columns
2025-11-04 07:53:22,118 INFO mch.training: Prefilter progress: scanned 2000/5000 columns
2025-11-04 07:53:22,468 INFO mch.training: Prefilter progress: scanned 3000/5000 columns
2025-11-04 07:53:22,827 INFO mch.training: Prefilter progress: scanned 4000/5000 columns
2025-11-04 07:53:23,200 INFO mch.training: Prefilter progress: scanned 5000/5000 columns
2025-11-04 07:53:23,633 INFO mch.training: Prefilter done: kept 200 features
2025-11-04 07:53:23,656 WARNING mch.training: Drop rare classes (<2 samples): Liver tumour, Sarcoma
2025-11-04 07:53:23,661 INFO mch.training: Train/Test shapes: X_train=(63, 200), X_test=(16, 200)
2025-11-04 07:53:23,661 INFO mch.training: DM disabled
2025-11-04 07:53:23,663 INFO mch.training: Pipeline steps: ['modelGeneration']
2025-11-04 07:53:23,664 WARNING mch.training: parameter_grid is None/empty, fit pipeline without grid search
2025-11-04 07:53:33,568 INFO mch.training: Test accuracy: 0.2500, macro_f1: 0.1987, weighted_f1: 0.2412
2025-11-04 07:53:33,574 INFO mch.training: Model trained for Sarcoma, not saved
2025-11-04 07:53:33,575 INFO mch.training: Training model for node: Solid tumour
2025-11-04 07:53:47,228 INFO mch.training: Prefilter start: input shape=(48,600118), candidates=600117, topk=200, scan_max=5000, chunk_size=1000
2025-11-04 07:53:47,665 INFO mch.training: Prefilter progress: scanned 1000/5000 columns
2025-11-04 07:53:48,069 INFO mch.training: Prefilter progress: scanned 2000/5000 columns
2025-11-04 07:53:48,552 INFO mch.training: Prefilter progress: scanned 3000/5000 columns
2025-11-04 07:53:48,963 INFO mch.training: Prefilter progress: scanned 4000/5000 columns
2025-11-04 07:53:49,380 INFO mch.training: Prefilter progress: scanned 5000/5000 columns
2025-11-04 07:53:49,848 INFO mch.training: Prefilter done: kept 200 features
2025-11-04 07:53:49,867 INFO mch.training: Train/Test shapes: X_train=(38, 200), X_test=(10, 200)
2025-11-04 07:53:49,868 INFO mch.training: DM disabled
2025-11-04 07:53:49,869 INFO mch.training: Pipeline steps: ['modelGeneration']
2025-11-04 07:53:49,871 WARNING mch.training: parameter_grid is None/empty, fit pipeline without grid search
2025-11-04 07:53:59,879 INFO mch.training: Test accuracy: 0.3000, macro_f1: 0.1429, weighted_f1: 0.2286
2025-11-04 07:53:59,885 INFO mch.training: Model trained for Solid tumour, not saved
2025-11-04 07:53:59,886 INFO mch.training: Training model for node: Central nervous system
2025-11-04 07:54:14,270 INFO mch.training: Prefilter start: input shape=(129,600118), candidates=600117, topk=200, scan_max=5000, chunk_size=1000
2025-11-04 07:54:14,713 INFO mch.training: Prefilter progress: scanned 1000/5000 columns
2025-11-04 07:54:15,156 INFO mch.training: Prefilter progress: scanned 2000/5000 columns
2025-11-04 07:54:15,641 INFO mch.training: Prefilter progress: scanned 3000/5000 columns
2025-11-04 07:54:16,087 INFO mch.training: Prefilter progress: scanned 4000/5000 columns
2025-11-04 07:54:16,555 INFO mch.training: Prefilter progress: scanned 5000/5000 columns
2025-11-04 07:54:17,061 INFO mch.training: Prefilter done: kept 200 features
2025-11-04 07:54:17,113 WARNING mch.training: Drop rare classes (<2 samples): Germ cell tumour, CNS, Peripheral nerve sheath tumour, CNS
2025-11-04 07:54:17,119 INFO mch.training: Train/Test shapes: X_train=(101, 200), X_test=(26, 200)
2025-11-04 07:54:17,121 INFO mch.training: DM disabled
2025-11-04 07:54:17,122 INFO mch.training: Pipeline steps: ['modelGeneration']
2025-11-04 07:54:17,124 WARNING mch.training: parameter_grid is None/empty, fit pipeline without grid search
2025-11-04 07:54:31,965 INFO mch.training: Test accuracy: 0.1538, macro_f1: 0.0522, weighted_f1: 0.1146
2025-11-04 07:54:31,971 INFO mch.training: Model trained for Central nervous system, not saved
2025-11-04 07:54:31,972 INFO mch.training: Training model for node: Overgrowth syndrome
2025-11-04 09:23:30,618 INFO mch.training: Training model for node: Neuroblastoma
2025-11-04 09:23:40,918 INFO mch.training: Training model for node: Vascular/lymphatic anomalies
2025-11-04 09:23:44,368 INFO mch.training: Training model for node: Haematological malignancy
2025-11-04 09:23:53,866 INFO mch.training: Prefilter start: input shape=(108,600118), candidates=600117, topk=0, scan_max=5000, chunk_size=1000
2025-11-04 09:23:53,878 INFO mch.training: Prefilter bypass: kept=600117
2025-11-04 09:24:14,446 WARNING mch.training: Drop rare classes (<2 samples): Histiocytosis
2025-11-04 09:24:14,954 INFO mch.training: Train/Test shapes: X_train=(85, 600117), X_test=(22, 600117)
2025-11-04 09:24:14,955 INFO mch.training: DM enabled
2025-11-04 09:24:14,956 INFO mch.training: Pipeline steps: ['replace_inf', 'differentialMethylation', 'modelGeneration']
2025-11-04 09:24:14,958 WARNING mch.training: parameter_grid is None/empty, fit pipeline without grid search
2025-11-04 09:24:16,082 ERROR mch.training: Error training model for Haematological malignancy
Traceback (most recent call last):
  File "/Workspace/9900-f18a-cake/working_branch/src/mch/models/training.py", line 174, in train_all_models
    pipeline.fit(X_train, y_train)
  File "/databricks/python/lib/python3.12/site-packages/mlflow/utils/autologging_utils/safety.py", line 472, in safe_patch_function
    return original(*args, **kwargs)
           ^^^^^^^^^^^^^^^^^^^^^^^^^
  File "/databricks/python_shell/lib/dbruntime/MLWorkloadsInstrumentation/_sklearn.py", line 29, in patch_function
    original_result = original(self, *args, **kwargs)
                      ^^^^^^^^^^^^^^^^^^^^^^^^^^^^^^^
  File "/local_disk0/.ephemeral_nfs/cluster_libraries/python/lib/python3.12/site-packages/sklearn/base.py", line 1473, in wrapper
    return fit_method(estimator, *args, **kwargs)
           ^^^^^^^^^^^^^^^^^^^^^^^^^^^^^^^^^^^^^^
  File "/local_disk0/.ephemeral_nfs/cluster_libraries/python/lib/python3.12/site-packages/sklearn/pipeline.py", line 469, in fit
    Xt = self._fit(X, y, routed_params)
         ^^^^^^^^^^^^^^^^^^^^^^^^^^^^^^
  File "/local_disk0/.ephemeral_nfs/cluster_libraries/python/lib/python3.12/site-packages/sklearn/pipeline.py", line 406, in _fit
    X, fitted_transformer = fit_transform_one_cached(
                            ^^^^^^^^^^^^^^^^^^^^^^^^^
  File "/databricks/python/lib/python3.12/site-packages/joblib/memory.py", line 312, in __call__
    return self.func(*args, **kwargs)
           ^^^^^^^^^^^^^^^^^^^^^^^^^^
  File "/local_disk0/.ephemeral_nfs/cluster_libraries/python/lib/python3.12/site-packages/sklearn/pipeline.py", line 1310, in _fit_transform_one
    res = transformer.fit_transform(X, y, **params.get("fit_transform", {}))
          ^^^^^^^^^^^^^^^^^^^^^^^^^^^^^^^^^^^^^^^^^^^^^^^^^^^^^^^^^^^^^^^^^^
  File "/local_disk0/.ephemeral_nfs/cluster_libraries/python/lib/python3.12/site-packages/sklearn/utils/_set_output.py", line 316, in wrapped
    data_to_wrap = f(self, X, *args, **kwargs)
                   ^^^^^^^^^^^^^^^^^^^^^^^^^^^
  File "/local_disk0/.ephemeral_nfs/cluster_libraries/python/lib/python3.12/site-packages/sklearn/base.py", line 1101, in fit_transform
    return self.fit(X, y, **fit_params).transform(X)
           ^^^^^^^^^^^^^^^^^^^^^^^^^^^^
  File "/Workspace/9900-f18a-cake/working_branch/src/mch/models/differentialMethylationClassifier.py", line 46, in fit
    results = self.runDifferentialMethylation(X,condition)
              ^^^^^^^^^^^^^^^^^^^^^^^^^^^^^^^^^^^^^^^^^^^^
  File "/Workspace/9900-f18a-cake/working_branch/src/mch/models/differentialMethylationClassifier.py", line 72, in runDifferentialMethylation
    X = X.apply(pd.to_numeric, errors='coerce')
        ^^^^^^^
AttributeError: 'numpy.ndarray' object has no attribute 'apply'
2025-11-04 09:26:02,263 INFO mch.training: Training model for node: Neuroblastoma
2025-11-04 09:26:12,674 INFO mch.training: Training model for node: Vascular/lymphatic anomalies
2025-11-04 09:26:15,744 INFO mch.training: Training model for node: Haematological malignancy
2025-11-04 09:26:25,463 INFO mch.training: Prefilter start: input shape=(108,600118), candidates=600117, topk=0, scan_max=5000, chunk_size=1000
2025-11-04 09:26:25,475 INFO mch.training: Prefilter bypass: kept=600117
2025-11-04 09:26:46,053 WARNING mch.training: Drop rare classes (<2 samples): Histiocytosis
2025-11-04 09:26:46,496 INFO mch.training: Train/Test shapes: X_train=(85, 600117), X_test=(22, 600117)
2025-11-04 09:26:46,502 INFO mch.training: DM enabled
2025-11-04 09:26:46,504 INFO mch.training: Pipeline steps: ['replace_inf', 'differentialMethylation', 'modelGeneration']
2025-11-04 09:26:46,505 WARNING mch.training: parameter_grid is None/empty, fit pipeline without grid search
2025-11-04 09:26:47,678 ERROR mch.training: Error training model for Haematological malignancy
Traceback (most recent call last):
  File "/Workspace/9900-f18a-cake/working_branch/src/mch/models/training.py", line 174, in train_all_models
    pipeline.fit(X_train, y_train)
  File "/databricks/python/lib/python3.12/site-packages/mlflow/utils/autologging_utils/safety.py", line 472, in safe_patch_function
    return original(*args, **kwargs)
           ^^^^^^^^^^^^^^^^^^^^^^^^^
  File "/databricks/python_shell/lib/dbruntime/MLWorkloadsInstrumentation/_sklearn.py", line 29, in patch_function
    original_result = original(self, *args, **kwargs)
                      ^^^^^^^^^^^^^^^^^^^^^^^^^^^^^^^
  File "/local_disk0/.ephemeral_nfs/cluster_libraries/python/lib/python3.12/site-packages/sklearn/base.py", line 1473, in wrapper
    return fit_method(estimator, *args, **kwargs)
           ^^^^^^^^^^^^^^^^^^^^^^^^^^^^^^^^^^^^^^
  File "/local_disk0/.ephemeral_nfs/cluster_libraries/python/lib/python3.12/site-packages/sklearn/pipeline.py", line 469, in fit
    Xt = self._fit(X, y, routed_params)
         ^^^^^^^^^^^^^^^^^^^^^^^^^^^^^^
  File "/local_disk0/.ephemeral_nfs/cluster_libraries/python/lib/python3.12/site-packages/sklearn/pipeline.py", line 406, in _fit
    X, fitted_transformer = fit_transform_one_cached(
                            ^^^^^^^^^^^^^^^^^^^^^^^^^
  File "/databricks/python/lib/python3.12/site-packages/joblib/memory.py", line 312, in __call__
    return self.func(*args, **kwargs)
           ^^^^^^^^^^^^^^^^^^^^^^^^^^
  File "/local_disk0/.ephemeral_nfs/cluster_libraries/python/lib/python3.12/site-packages/sklearn/pipeline.py", line 1310, in _fit_transform_one
    res = transformer.fit_transform(X, y, **params.get("fit_transform", {}))
          ^^^^^^^^^^^^^^^^^^^^^^^^^^^^^^^^^^^^^^^^^^^^^^^^^^^^^^^^^^^^^^^^^^
  File "/local_disk0/.ephemeral_nfs/cluster_libraries/python/lib/python3.12/site-packages/sklearn/utils/_set_output.py", line 316, in wrapped
    data_to_wrap = f(self, X, *args, **kwargs)
                   ^^^^^^^^^^^^^^^^^^^^^^^^^^^
  File "/local_disk0/.ephemeral_nfs/cluster_libraries/python/lib/python3.12/site-packages/sklearn/base.py", line 1101, in fit_transform
    return self.fit(X, y, **fit_params).transform(X)
           ^^^^^^^^^^^^^^^^^^^^^^^^^^^^
  File "/Workspace/9900-f18a-cake/working_branch/src/mch/models/differentialMethylationClassifier.py", line 46, in fit
    results = self.runDifferentialMethylation(X,condition)
              ^^^^^^^^^^^^^^^^^^^^^^^^^^^^^^^^^^^^^^^^^^^^
  File "/Workspace/9900-f18a-cake/working_branch/src/mch/models/differentialMethylationClassifier.py", line 72, in runDifferentialMethylation
    X = X.apply(pd.to_numeric, errors='coerce')
        ^^^^^^^
AttributeError: 'numpy.ndarray' object has no attribute 'apply'
2025-11-04 09:43:04,530 INFO mch.training: Training model for node: Neuroblastoma
2025-11-04 09:43:15,226 INFO mch.training: Training model for node: Vascular/lymphatic anomalies
2025-11-04 09:43:18,215 INFO mch.training: Training model for node: Haematological malignancy
2025-11-04 09:43:27,676 INFO mch.training: Prefilter start: input shape=(108,600118), candidates=600117, topk=0, scan_max=5000, chunk_size=1000
2025-11-04 09:43:27,678 INFO mch.training: Prefilter bypass: kept=600117
2025-11-04 09:43:47,976 WARNING mch.training: Drop rare classes (<2 samples): Histiocytosis
2025-11-04 09:43:48,505 INFO mch.training: Train/Test shapes: X_train=(85, 600117), X_test=(22, 600117)
2025-11-04 09:43:48,506 INFO mch.training: DM enabled
2025-11-04 09:43:48,508 INFO mch.training: Pipeline steps: ['replace_inf', 'differentialMethylation', 'modelGeneration']
2025-11-04 09:43:48,508 WARNING mch.training: parameter_grid is None/empty, fit pipeline without grid search
2025-11-04 09:43:49,673 ERROR mch.training: Error training model for Haematological malignancy
Traceback (most recent call last):
  File "/Workspace/9900-f18a-cake/working_branch/src/mch/models/training.py", line 174, in train_all_models
    pipeline.fit(X_train, y_train)
  File "/databricks/python/lib/python3.12/site-packages/mlflow/utils/autologging_utils/safety.py", line 472, in safe_patch_function
    return original(*args, **kwargs)
           ^^^^^^^^^^^^^^^^^^^^^^^^^
  File "/databricks/python_shell/lib/dbruntime/MLWorkloadsInstrumentation/_sklearn.py", line 29, in patch_function
    original_result = original(self, *args, **kwargs)
                      ^^^^^^^^^^^^^^^^^^^^^^^^^^^^^^^
  File "/local_disk0/.ephemeral_nfs/cluster_libraries/python/lib/python3.12/site-packages/sklearn/base.py", line 1473, in wrapper
    return fit_method(estimator, *args, **kwargs)
           ^^^^^^^^^^^^^^^^^^^^^^^^^^^^^^^^^^^^^^
  File "/local_disk0/.ephemeral_nfs/cluster_libraries/python/lib/python3.12/site-packages/sklearn/pipeline.py", line 469, in fit
    Xt = self._fit(X, y, routed_params)
         ^^^^^^^^^^^^^^^^^^^^^^^^^^^^^^
  File "/local_disk0/.ephemeral_nfs/cluster_libraries/python/lib/python3.12/site-packages/sklearn/pipeline.py", line 406, in _fit
    X, fitted_transformer = fit_transform_one_cached(
                            ^^^^^^^^^^^^^^^^^^^^^^^^^
  File "/databricks/python/lib/python3.12/site-packages/joblib/memory.py", line 312, in __call__
    return self.func(*args, **kwargs)
           ^^^^^^^^^^^^^^^^^^^^^^^^^^
  File "/local_disk0/.ephemeral_nfs/cluster_libraries/python/lib/python3.12/site-packages/sklearn/pipeline.py", line 1310, in _fit_transform_one
    res = transformer.fit_transform(X, y, **params.get("fit_transform", {}))
          ^^^^^^^^^^^^^^^^^^^^^^^^^^^^^^^^^^^^^^^^^^^^^^^^^^^^^^^^^^^^^^^^^^
  File "/local_disk0/.ephemeral_nfs/cluster_libraries/python/lib/python3.12/site-packages/sklearn/utils/_set_output.py", line 316, in wrapped
    data_to_wrap = f(self, X, *args, **kwargs)
                   ^^^^^^^^^^^^^^^^^^^^^^^^^^^
  File "/local_disk0/.ephemeral_nfs/cluster_libraries/python/lib/python3.12/site-packages/sklearn/base.py", line 1101, in fit_transform
    return self.fit(X, y, **fit_params).transform(X)
           ^^^^^^^^^^^^^^^^^^^^^^^^^^^^
  File "/Workspace/9900-f18a-cake/working_branch/src/mch/models/differentialMethylationClassifier.py", line 46, in fit
    results = self.runDifferentialMethylation(X,condition)
              ^^^^^^^^^^^^^^^^^^^^^^^^^^^^^^^^^^^^^^^^^^^^
  File "/Workspace/9900-f18a-cake/working_branch/src/mch/models/differentialMethylationClassifier.py", line 72, in runDifferentialMethylation
    X = X.apply(pd.to_numeric, errors='coerce')
        ^^^^^^^
AttributeError: 'numpy.ndarray' object has no attribute 'apply'
2025-11-04 09:52:10,485 INFO mch.training: Training model for node: Neuroblastoma
2025-11-04 09:52:20,794 INFO mch.training: Training model for node: Vascular/lymphatic anomalies
2025-11-04 09:52:24,096 INFO mch.training: Training model for node: Haematological malignancy
2025-11-04 09:52:33,831 INFO mch.training: Prefilter start: input shape=(108,600118), candidates=600117, topk=0, scan_max=5000, chunk_size=1000
2025-11-04 09:52:33,842 INFO mch.training: Prefilter bypass: kept=600117
2025-11-04 09:52:54,577 WARNING mch.training: Drop rare classes (<2 samples): Histiocytosis
2025-11-04 09:52:55,041 INFO mch.training: Train/Test shapes: X_train=(85, 600117), X_test=(22, 600117)
2025-11-04 09:52:55,042 INFO mch.training: DM enabled
2025-11-04 09:52:55,044 INFO mch.training: Pipeline steps: ['replace_inf', 'differentialMethylation', 'modelGeneration']
2025-11-04 09:52:55,045 WARNING mch.training: parameter_grid is None/empty, fit pipeline without grid search
2025-11-04 09:52:56,178 ERROR mch.training: Error training model for Haematological malignancy
Traceback (most recent call last):
  File "/Workspace/9900-f18a-cake/working_branch/src/mch/models/training.py", line 174, in train_all_models
    pipeline.fit(X_train, y_train)
  File "/databricks/python/lib/python3.12/site-packages/mlflow/utils/autologging_utils/safety.py", line 472, in safe_patch_function
    return original(*args, **kwargs)
           ^^^^^^^^^^^^^^^^^^^^^^^^^
  File "/databricks/python_shell/lib/dbruntime/MLWorkloadsInstrumentation/_sklearn.py", line 29, in patch_function
    original_result = original(self, *args, **kwargs)
                      ^^^^^^^^^^^^^^^^^^^^^^^^^^^^^^^
  File "/local_disk0/.ephemeral_nfs/cluster_libraries/python/lib/python3.12/site-packages/sklearn/base.py", line 1473, in wrapper
    return fit_method(estimator, *args, **kwargs)
           ^^^^^^^^^^^^^^^^^^^^^^^^^^^^^^^^^^^^^^
  File "/local_disk0/.ephemeral_nfs/cluster_libraries/python/lib/python3.12/site-packages/sklearn/pipeline.py", line 469, in fit
    Xt = self._fit(X, y, routed_params)
         ^^^^^^^^^^^^^^^^^^^^^^^^^^^^^^
  File "/local_disk0/.ephemeral_nfs/cluster_libraries/python/lib/python3.12/site-packages/sklearn/pipeline.py", line 406, in _fit
    X, fitted_transformer = fit_transform_one_cached(
                            ^^^^^^^^^^^^^^^^^^^^^^^^^
  File "/databricks/python/lib/python3.12/site-packages/joblib/memory.py", line 312, in __call__
    return self.func(*args, **kwargs)
           ^^^^^^^^^^^^^^^^^^^^^^^^^^
  File "/local_disk0/.ephemeral_nfs/cluster_libraries/python/lib/python3.12/site-packages/sklearn/pipeline.py", line 1310, in _fit_transform_one
    res = transformer.fit_transform(X, y, **params.get("fit_transform", {}))
          ^^^^^^^^^^^^^^^^^^^^^^^^^^^^^^^^^^^^^^^^^^^^^^^^^^^^^^^^^^^^^^^^^^
  File "/local_disk0/.ephemeral_nfs/cluster_libraries/python/lib/python3.12/site-packages/sklearn/utils/_set_output.py", line 316, in wrapped
    data_to_wrap = f(self, X, *args, **kwargs)
                   ^^^^^^^^^^^^^^^^^^^^^^^^^^^
  File "/local_disk0/.ephemeral_nfs/cluster_libraries/python/lib/python3.12/site-packages/sklearn/base.py", line 1101, in fit_transform
    return self.fit(X, y, **fit_params).transform(X)
           ^^^^^^^^^^^^^^^^^^^^^^^^^^^^
  File "/Workspace/9900-f18a-cake/working_branch/src/mch/models/differentialMethylationClassifier.py", line 46, in fit
    results = self.runDifferentialMethylation(X,condition)
              ^^^^^^^^^^^^^^^^^^^^^^^^^^^^^^^^^^^^^^^^^^^^
  File "/Workspace/9900-f18a-cake/working_branch/src/mch/models/differentialMethylationClassifier.py", line 72, in runDifferentialMethylation
    X = X.apply(pd.to_numeric, errors='coerce')
        ^^^^^^^
AttributeError: 'numpy.ndarray' object has no attribute 'apply'
2025-11-04 10:02:26,249 INFO mch.training: Training model for node: Neuroblastoma
2025-11-04 10:02:37,578 INFO mch.training: Training model for node: Vascular/lymphatic anomalies
2025-11-04 10:02:41,141 INFO mch.training: Training model for node: Haematological malignancy
2025-11-04 10:02:51,012 INFO mch.training: Prefilter start: input shape=(108,600118), candidates=600117, topk=0, scan_max=5000, chunk_size=1000
2025-11-04 10:02:51,014 INFO mch.training: Prefilter bypass: kept=600117
2025-11-04 10:03:11,886 WARNING mch.training: Drop rare classes (<2 samples): Histiocytosis
2025-11-04 10:03:12,399 INFO mch.training: Train/Test shapes: X_train=(85, 600117), X_test=(22, 600117)
2025-11-04 10:03:12,400 INFO mch.training: DM enabled
2025-11-04 10:03:12,401 INFO mch.training: Pipeline steps: ['replace_inf', 'differentialMethylation', 'modelGeneration']
2025-11-04 10:03:12,402 WARNING mch.training: parameter_grid is None/empty, fit pipeline without grid search
2025-11-04 10:03:13,549 ERROR mch.training: Error training model for Haematological malignancy
Traceback (most recent call last):
  File "/Workspace/9900-f18a-cake/working_branch/src/mch/models/training.py", line 174, in train_all_models
    pipeline.fit(X_train, y_train)
  File "/databricks/python/lib/python3.12/site-packages/mlflow/utils/autologging_utils/safety.py", line 472, in safe_patch_function
    return original(*args, **kwargs)
           ^^^^^^^^^^^^^^^^^^^^^^^^^
  File "/databricks/python_shell/lib/dbruntime/MLWorkloadsInstrumentation/_sklearn.py", line 29, in patch_function
    original_result = original(self, *args, **kwargs)
                      ^^^^^^^^^^^^^^^^^^^^^^^^^^^^^^^
  File "/local_disk0/.ephemeral_nfs/cluster_libraries/python/lib/python3.12/site-packages/sklearn/base.py", line 1473, in wrapper
    return fit_method(estimator, *args, **kwargs)
           ^^^^^^^^^^^^^^^^^^^^^^^^^^^^^^^^^^^^^^
  File "/local_disk0/.ephemeral_nfs/cluster_libraries/python/lib/python3.12/site-packages/sklearn/pipeline.py", line 469, in fit
    Xt = self._fit(X, y, routed_params)
         ^^^^^^^^^^^^^^^^^^^^^^^^^^^^^^
  File "/local_disk0/.ephemeral_nfs/cluster_libraries/python/lib/python3.12/site-packages/sklearn/pipeline.py", line 406, in _fit
    X, fitted_transformer = fit_transform_one_cached(
                            ^^^^^^^^^^^^^^^^^^^^^^^^^
  File "/databricks/python/lib/python3.12/site-packages/joblib/memory.py", line 312, in __call__
    return self.func(*args, **kwargs)
           ^^^^^^^^^^^^^^^^^^^^^^^^^^
  File "/local_disk0/.ephemeral_nfs/cluster_libraries/python/lib/python3.12/site-packages/sklearn/pipeline.py", line 1310, in _fit_transform_one
    res = transformer.fit_transform(X, y, **params.get("fit_transform", {}))
          ^^^^^^^^^^^^^^^^^^^^^^^^^^^^^^^^^^^^^^^^^^^^^^^^^^^^^^^^^^^^^^^^^^
  File "/local_disk0/.ephemeral_nfs/cluster_libraries/python/lib/python3.12/site-packages/sklearn/utils/_set_output.py", line 316, in wrapped
    data_to_wrap = f(self, X, *args, **kwargs)
                   ^^^^^^^^^^^^^^^^^^^^^^^^^^^
  File "/local_disk0/.ephemeral_nfs/cluster_libraries/python/lib/python3.12/site-packages/sklearn/base.py", line 1101, in fit_transform
    return self.fit(X, y, **fit_params).transform(X)
           ^^^^^^^^^^^^^^^^^^^^^^^^^^^^
  File "/Workspace/9900-f18a-cake/working_branch/src/mch/models/differentialMethylationClassifier.py", line 46, in fit
    results = self.runDifferentialMethylation(X,condition)
              ^^^^^^^^^^^^^^^^^^^^^^^^^^^^^^^^^^^^^^^^^^^^
  File "/Workspace/9900-f18a-cake/working_branch/src/mch/models/differentialMethylationClassifier.py", line 72, in runDifferentialMethylation
    X = X.apply(pd.to_numeric, errors='coerce')
        ^^^^^^^
AttributeError: 'numpy.ndarray' object has no attribute 'apply'
2025-11-04 11:12:55,321 INFO mch.training: Only training specified node: Haematological malignancy
2025-11-04 11:12:55,323 INFO mch.training: Training model for node: Haematological malignancy
2025-11-04 11:13:04,910 INFO mch.training: Prefilter start: input shape=(108,600118), candidates=600117, topk=200, scan_max=5000, chunk_size=1000
2025-11-04 11:13:05,308 INFO mch.training: Prefilter progress: scanned 1000/5000 columns
2025-11-04 11:13:05,668 INFO mch.training: Prefilter progress: scanned 2000/5000 columns
2025-11-04 11:13:05,991 INFO mch.training: Prefilter progress: scanned 3000/5000 columns
2025-11-04 11:13:06,318 INFO mch.training: Prefilter progress: scanned 4000/5000 columns
2025-11-04 11:13:06,657 INFO mch.training: Prefilter progress: scanned 5000/5000 columns
2025-11-04 11:13:07,045 INFO mch.training: Prefilter done: kept 200 features
2025-11-04 11:13:07,058 WARNING mch.training: Drop rare classes (<2 samples): Histiocytosis
2025-11-04 11:13:07,063 INFO mch.training: Train/Test shapes: X_train=(85, 200), X_test=(22, 200)
2025-11-04 11:13:07,064 INFO mch.training: DM disabled
2025-11-04 11:13:07,065 INFO mch.training: Pipeline steps: ['modelGeneration']
2025-11-04 11:13:07,066 WARNING mch.training: parameter_grid is None/empty, fit pipeline without grid search
2025-11-04 11:13:18,674 INFO mch.training: Test accuracy: 0.8636, macro_f1: 0.3089, weighted_f1: 0.8004
2025-11-04 11:13:18,679 INFO mch.training: Model trained for Haematological malignancy, not saved
2025-11-05 08:18:23,000 INFO mch.training: Only training specified node: Haematological malignancy
2025-11-05 08:18:23,002 INFO mch.training: Training model for node: Haematological malignancy
2025-11-05 08:18:35,857 INFO mch.training: Prefilter start: input shape=(108,600118), candidates=600117, topk=200, scan_max=5000, chunk_size=1000
2025-11-05 08:18:36,268 INFO mch.training: Prefilter progress: scanned 1000/5000 columns
2025-11-05 08:18:36,630 INFO mch.training: Prefilter progress: scanned 2000/5000 columns
2025-11-05 08:18:37,011 INFO mch.training: Prefilter progress: scanned 3000/5000 columns
2025-11-05 08:18:37,403 INFO mch.training: Prefilter progress: scanned 4000/5000 columns
2025-11-05 08:18:37,788 INFO mch.training: Prefilter progress: scanned 5000/5000 columns
2025-11-05 08:18:38,258 INFO mch.training: Prefilter done: kept 200 features
2025-11-05 08:18:38,304 WARNING mch.training: Drop rare classes (<2 samples): Histiocytosis
2025-11-05 08:18:38,312 INFO mch.training: Train/Test shapes: X_train=(85, 200), X_test=(22, 200)
2025-11-05 08:18:38,313 INFO mch.training: DM disabled
2025-11-05 08:18:38,314 INFO mch.training: Pipeline steps: ['modelGeneration']
2025-11-05 08:18:38,316 WARNING mch.training: parameter_grid is None/empty, fit pipeline without grid search
2025-11-05 08:18:54,106 INFO mch.training: Test accuracy: 0.8636, macro_f1: 0.3089, weighted_f1: 0.8004
2025-11-05 08:18:54,112 INFO mch.training: Model trained for Haematological malignancy, not saved
2025-11-05 08:19:56,688 INFO mch.training: Only training specified node: Haematological malignancy
2025-11-05 08:19:56,689 INFO mch.training: Training model for node: Haematological malignancy
2025-11-05 08:20:10,011 INFO mch.training: Prefilter start: input shape=(108,600118), candidates=600117, topk=200, scan_max=5000, chunk_size=1000
2025-11-05 08:20:10,395 INFO mch.training: Prefilter progress: scanned 1000/5000 columns
2025-11-05 08:20:10,785 INFO mch.training: Prefilter progress: scanned 2000/5000 columns
2025-11-05 08:20:11,171 INFO mch.training: Prefilter progress: scanned 3000/5000 columns
2025-11-05 08:20:11,555 INFO mch.training: Prefilter progress: scanned 4000/5000 columns
2025-11-05 08:20:11,950 INFO mch.training: Prefilter progress: scanned 5000/5000 columns
2025-11-05 08:20:12,431 INFO mch.training: Prefilter done: kept 200 features
2025-11-05 08:20:12,445 WARNING mch.training: Drop rare classes (<2 samples): Histiocytosis
2025-11-05 08:20:12,452 INFO mch.training: Train/Test shapes: X_train=(85, 200), X_test=(22, 200)
2025-11-05 08:20:12,453 INFO mch.training: DM disabled
2025-11-05 08:20:12,455 INFO mch.training: Pipeline steps: ['modelGeneration']
2025-11-05 08:20:12,456 WARNING mch.training: parameter_grid is None/empty, fit pipeline without grid search
2025-11-05 08:20:22,912 INFO mch.training: Test accuracy: 0.8636, macro_f1: 0.3089, weighted_f1: 0.8004
2025-11-05 08:20:22,920 INFO mch.training: Model trained for Haematological malignancy, not saved
2025-11-05 08:39:24,242 INFO mch.training: Only training specified node: Haematological malignancy
2025-11-05 08:39:24,244 INFO mch.training: Training model for node: Haematological malignancy
2025-11-05 08:39:37,148 INFO mch.training: Prefilter start: input shape=(108,600118), candidates=600117, topk=200, scan_max=5000, chunk_size=1000
2025-11-05 08:39:37,590 INFO mch.training: Prefilter progress: scanned 1000/5000 columns
2025-11-05 08:39:38,000 INFO mch.training: Prefilter progress: scanned 2000/5000 columns
2025-11-05 08:39:38,397 INFO mch.training: Prefilter progress: scanned 3000/5000 columns
2025-11-05 08:39:38,787 INFO mch.training: Prefilter progress: scanned 4000/5000 columns
2025-11-05 08:39:39,173 INFO mch.training: Prefilter progress: scanned 5000/5000 columns
2025-11-05 08:39:39,646 INFO mch.training: Prefilter done: kept 200 features
2025-11-05 08:39:39,658 WARNING mch.training: Drop rare classes (<2 samples): Histiocytosis
2025-11-05 08:39:39,665 INFO mch.training: Train/Test shapes: X_train=(85, 200), X_test=(22, 200)
2025-11-05 08:39:39,666 INFO mch.training: DM disabled
2025-11-05 08:39:39,667 INFO mch.training: Pipeline steps: ['modelGeneration']
2025-11-05 08:39:39,668 WARNING mch.training: parameter_grid is None/empty, fit pipeline without grid search
2025-11-05 08:39:50,056 INFO mch.training: Test accuracy: 0.8636, macro_f1: 0.3089, weighted_f1: 0.8004
2025-11-05 08:39:50,064 INFO mch.training: Model trained for Haematological malignancy, not saved
2025-11-05 09:18:37,138 INFO mch.training: Only training specified node: Haematological malignancy
2025-11-05 09:18:37,140 INFO mch.training: Training model for node: Haematological malignancy
2025-11-05 09:18:50,368 INFO mch.training: Prefilter start: input shape=(108,600118), candidates=600117, topk=200, scan_max=5000, chunk_size=1000
2025-11-05 09:18:50,797 INFO mch.training: Prefilter progress: scanned 1000/5000 columns
2025-11-05 09:18:51,191 INFO mch.training: Prefilter progress: scanned 2000/5000 columns
2025-11-05 09:18:51,576 INFO mch.training: Prefilter progress: scanned 3000/5000 columns
2025-11-05 09:18:51,963 INFO mch.training: Prefilter progress: scanned 4000/5000 columns
2025-11-05 09:18:52,381 INFO mch.training: Prefilter progress: scanned 5000/5000 columns
2025-11-05 09:18:52,857 INFO mch.training: Prefilter done: kept 200 features
2025-11-05 09:18:52,873 WARNING mch.training: Drop rare classes (<2 samples): Histiocytosis
2025-11-05 09:18:52,878 INFO mch.training: Train/Test shapes: X_train=(85, 200), X_test=(22, 200)
2025-11-05 09:18:52,880 INFO mch.training: DM disabled
2025-11-05 09:18:52,881 INFO mch.training: Pipeline steps: ['modelGeneration']
2025-11-05 09:18:52,883 WARNING mch.training: parameter_grid is None/empty, fit pipeline without grid search
2025-11-05 09:19:08,142 INFO mch.training: Test accuracy: 0.8636, macro_f1: 0.3089, weighted_f1: 0.8004
2025-11-05 09:19:08,153 INFO mch.training: Model trained for Haematological malignancy, not saved
2025-11-05 09:19:17,432 INFO mch.training: Only training specified node: Haematological malignancy
2025-11-05 09:19:17,433 INFO mch.training: Training model for node: Haematological malignancy
2025-11-05 09:19:30,995 INFO mch.training: Prefilter start: input shape=(108,600118), candidates=600117, topk=200, scan_max=5000, chunk_size=1000
2025-11-05 09:19:31,406 INFO mch.training: Prefilter progress: scanned 1000/5000 columns
2025-11-05 09:19:31,820 INFO mch.training: Prefilter progress: scanned 2000/5000 columns
2025-11-05 09:19:32,240 INFO mch.training: Prefilter progress: scanned 3000/5000 columns
2025-11-05 09:19:32,650 INFO mch.training: Prefilter progress: scanned 4000/5000 columns
2025-11-05 09:19:33,057 INFO mch.training: Prefilter progress: scanned 5000/5000 columns
2025-11-05 09:19:33,559 INFO mch.training: Prefilter done: kept 200 features
2025-11-05 09:19:33,574 WARNING mch.training: Drop rare classes (<2 samples): Histiocytosis
2025-11-05 09:19:33,580 INFO mch.training: Train/Test shapes: X_train=(85, 200), X_test=(22, 200)
2025-11-05 09:19:33,582 INFO mch.training: DM disabled
2025-11-05 09:19:33,583 INFO mch.training: Pipeline steps: ['modelGeneration']
2025-11-05 09:19:33,584 WARNING mch.training: parameter_grid is None/empty, fit pipeline without grid search
2025-11-05 09:19:43,944 INFO mch.training: Test accuracy: 0.8636, macro_f1: 0.3089, weighted_f1: 0.8004
2025-11-05 09:19:43,952 INFO mch.training: Model trained for Haematological malignancy, not saved
2025-11-05 09:23:24,888 INFO mch.training: Only training specified node: Haematological malignancy
2025-11-05 09:23:24,889 INFO mch.training: Training model for node: Haematological malignancy
2025-11-05 09:23:38,425 INFO mch.training: Prefilter start: input shape=(108,600118), candidates=600117, topk=200, scan_max=5000, chunk_size=1000
2025-11-05 09:23:38,889 INFO mch.training: Prefilter progress: scanned 1000/5000 columns
2025-11-05 09:23:39,342 INFO mch.training: Prefilter progress: scanned 2000/5000 columns
2025-11-05 09:23:39,796 INFO mch.training: Prefilter progress: scanned 3000/5000 columns
2025-11-05 09:23:40,173 INFO mch.training: Prefilter progress: scanned 4000/5000 columns
2025-11-05 09:23:40,577 INFO mch.training: Prefilter progress: scanned 5000/5000 columns
2025-11-05 09:23:41,099 INFO mch.training: Prefilter done: kept 200 features
2025-11-05 09:23:41,116 WARNING mch.training: Drop rare classes (<2 samples): Histiocytosis
2025-11-05 09:23:41,123 INFO mch.training: Train/Test shapes: X_train=(85, 200), X_test=(22, 200)
2025-11-05 09:23:41,125 INFO mch.training: DM disabled
2025-11-05 09:23:41,126 INFO mch.training: Pipeline steps: ['modelGeneration']
2025-11-05 09:23:41,128 WARNING mch.training: parameter_grid is None/empty, fit pipeline without grid search
2025-11-05 09:23:52,499 INFO mch.training: Test accuracy: 0.8636, macro_f1: 0.3089, weighted_f1: 0.8004
2025-11-05 09:23:52,508 INFO mch.training: Model trained for Haematological malignancy, not saved
2025-11-05 09:24:02,793 INFO mch.training: Only training specified node: Haematological malignancy
2025-11-05 09:24:02,795 INFO mch.training: Training model for node: Haematological malignancy
2025-11-05 09:24:15,818 INFO mch.training: Prefilter start: input shape=(108,600118), candidates=600117, topk=200, scan_max=5000, chunk_size=1000
2025-11-05 09:24:16,298 INFO mch.training: Prefilter progress: scanned 1000/5000 columns
2025-11-05 09:24:16,720 INFO mch.training: Prefilter progress: scanned 2000/5000 columns
2025-11-05 09:24:17,121 INFO mch.training: Prefilter progress: scanned 3000/5000 columns
2025-11-05 09:24:17,507 INFO mch.training: Prefilter progress: scanned 4000/5000 columns
2025-11-05 09:24:17,885 INFO mch.training: Prefilter progress: scanned 5000/5000 columns
2025-11-05 09:24:18,373 INFO mch.training: Prefilter done: kept 200 features
2025-11-05 09:24:18,388 WARNING mch.training: Drop rare classes (<2 samples): Histiocytosis
2025-11-05 09:24:18,394 INFO mch.training: Train/Test shapes: X_train=(85, 200), X_test=(22, 200)
2025-11-05 09:24:18,395 INFO mch.training: DM disabled
2025-11-05 09:24:18,396 INFO mch.training: Pipeline steps: ['modelGeneration']
2025-11-05 09:24:18,397 WARNING mch.training: parameter_grid is None/empty, fit pipeline without grid search
2025-11-05 09:24:28,074 INFO mch.training: Test accuracy: 0.8636, macro_f1: 0.3089, weighted_f1: 0.8004
2025-11-05 09:24:28,084 INFO mch.training: Model trained for Haematological malignancy, not saved
2025-11-05 09:30:01,007 INFO mch.training: Only training specified node: Haematological malignancy
2025-11-05 09:30:01,009 INFO mch.training: Training model for node: Haematological malignancy
2025-11-05 09:30:13,682 INFO mch.training: Prefilter start: input shape=(108,600118), candidates=600117, topk=200, scan_max=5000, chunk_size=1000
2025-11-05 09:30:14,099 INFO mch.training: Prefilter progress: scanned 1000/5000 columns
2025-11-05 09:30:14,516 INFO mch.training: Prefilter progress: scanned 2000/5000 columns
2025-11-05 09:30:14,909 INFO mch.training: Prefilter progress: scanned 3000/5000 columns
2025-11-05 09:30:15,302 INFO mch.training: Prefilter progress: scanned 4000/5000 columns
2025-11-05 09:30:15,684 INFO mch.training: Prefilter progress: scanned 5000/5000 columns
2025-11-05 09:30:16,192 INFO mch.training: Prefilter done: kept 200 features
2025-11-05 09:30:16,205 WARNING mch.training: Drop rare classes (<2 samples): Histiocytosis
2025-11-05 09:30:16,210 INFO mch.training: Train/Test shapes: X_train=(85, 200), X_test=(22, 200)
2025-11-05 09:30:16,211 INFO mch.training: DM disabled
2025-11-05 09:30:16,212 INFO mch.training: Pipeline steps: ['modelGeneration']
2025-11-05 09:30:16,213 WARNING mch.training: parameter_grid is None/empty, fit pipeline without grid search
2025-11-05 09:31:20,108 INFO mch.training: Test accuracy: 0.8636, macro_f1: 0.3089, weighted_f1: 0.8004
2025-11-05 09:31:20,115 INFO mch.training: Model trained for Haematological malignancy, not saved
2025-11-05 09:31:30,157 INFO mch.training: Only training specified node: Haematological malignancy
2025-11-05 09:31:30,158 INFO mch.training: Training model for node: Haematological malignancy
2025-11-05 09:31:43,016 INFO mch.training: Prefilter start: input shape=(108,600118), candidates=600117, topk=200, scan_max=5000, chunk_size=1000
2025-11-05 09:31:43,463 INFO mch.training: Prefilter progress: scanned 1000/5000 columns
2025-11-05 09:31:43,871 INFO mch.training: Prefilter progress: scanned 2000/5000 columns
2025-11-05 09:31:44,266 INFO mch.training: Prefilter progress: scanned 3000/5000 columns
2025-11-05 09:31:44,665 INFO mch.training: Prefilter progress: scanned 4000/5000 columns
2025-11-05 09:31:45,067 INFO mch.training: Prefilter progress: scanned 5000/5000 columns
2025-11-05 09:31:45,567 INFO mch.training: Prefilter done: kept 200 features
2025-11-05 09:31:45,582 WARNING mch.training: Drop rare classes (<2 samples): Histiocytosis
2025-11-05 09:31:45,587 INFO mch.training: Train/Test shapes: X_train=(85, 200), X_test=(22, 200)
2025-11-05 09:31:45,588 INFO mch.training: DM disabled
2025-11-05 09:31:45,590 INFO mch.training: Pipeline steps: ['modelGeneration']
2025-11-05 09:31:45,592 WARNING mch.training: parameter_grid is None/empty, fit pipeline without grid search
2025-11-05 09:32:59,061 INFO mch.training: Test accuracy: 0.8636, macro_f1: 0.3089, weighted_f1: 0.8004
2025-11-05 09:32:59,069 INFO mch.training: Model trained for Haematological malignancy, not saved
2025-11-05 09:53:02,290 INFO mch.training: Only training specified node: Haematological malignancy
2025-11-05 09:53:02,292 INFO mch.training: Training model for node: Haematological malignancy
2025-11-05 09:53:14,675 INFO mch.training: Prefilter start: input shape=(108,600118), candidates=600117, topk=200, scan_max=5000, chunk_size=1000
2025-11-05 09:53:15,099 INFO mch.training: Prefilter progress: scanned 1000/5000 columns
2025-11-05 09:53:15,495 INFO mch.training: Prefilter progress: scanned 2000/5000 columns
2025-11-05 09:53:15,892 INFO mch.training: Prefilter progress: scanned 3000/5000 columns
2025-11-05 09:53:16,300 INFO mch.training: Prefilter progress: scanned 4000/5000 columns
2025-11-05 09:53:16,683 INFO mch.training: Prefilter progress: scanned 5000/5000 columns
2025-11-05 09:53:17,158 INFO mch.training: Prefilter done: kept 200 features
2025-11-05 09:53:17,183 WARNING mch.training: Drop rare classes (<2 samples): Histiocytosis
2025-11-05 09:53:17,192 INFO mch.training: Train/Test shapes: X_train=(85, 200), X_test=(22, 200)
2025-11-05 09:53:17,193 INFO mch.training: DM disabled
2025-11-05 09:53:17,194 INFO mch.training: Pipeline steps: ['modelGeneration']
2025-11-05 09:53:17,196 WARNING mch.training: parameter_grid is None/empty, fit pipeline without grid search
2025-11-05 09:53:31,008 INFO mch.training: Test accuracy: 0.8636, macro_f1: 0.3089, weighted_f1: 0.8004
2025-11-05 09:53:31,019 INFO mch.training: Model trained for Haematological malignancy, not saved
2025-11-05 10:09:32,917 INFO mch.training: Only training specified node: Haematological malignancy
2025-11-05 10:09:32,919 INFO mch.training: Training model for node: Haematological malignancy
2025-11-05 10:09:44,986 INFO mch.training: Prefilter start: input shape=(108,600118), candidates=600117, topk=200, scan_max=5000, chunk_size=1000
2025-11-05 10:09:45,434 INFO mch.training: Prefilter progress: scanned 1000/5000 columns
2025-11-05 10:09:45,816 INFO mch.training: Prefilter progress: scanned 2000/5000 columns
2025-11-05 10:09:46,203 INFO mch.training: Prefilter progress: scanned 3000/5000 columns
2025-11-05 10:09:46,591 INFO mch.training: Prefilter progress: scanned 4000/5000 columns
2025-11-05 10:09:46,979 INFO mch.training: Prefilter progress: scanned 5000/5000 columns
2025-11-05 10:09:47,473 INFO mch.training: Prefilter done: kept 200 features
2025-11-05 10:09:47,490 WARNING mch.training: Drop rare classes (<2 samples): Histiocytosis
2025-11-05 10:09:47,497 INFO mch.training: Train/Test shapes: X_train=(85, 200), X_test=(22, 200)
2025-11-05 10:09:47,498 INFO mch.training: DM disabled
2025-11-05 10:09:47,499 INFO mch.training: Pipeline steps: ['modelGeneration']
2025-11-05 10:09:47,501 WARNING mch.training: parameter_grid is None/empty, fit pipeline without grid search
2025-11-05 10:10:01,357 INFO mch.training: Test accuracy: 0.8636, macro_f1: 0.3089, weighted_f1: 0.8004
2025-11-05 10:10:01,366 INFO mch.training: Model trained for Haematological malignancy, not saved
2025-11-05 10:19:54,987 INFO mch.training: Only training specified node: Haematological malignancy
2025-11-05 10:19:54,988 INFO mch.training: Training model for node: Haematological malignancy
2025-11-05 10:20:07,227 INFO mch.training: Prefilter start: input shape=(108,600118), candidates=600117, topk=200, scan_max=5000, chunk_size=1000
2025-11-05 10:20:07,621 INFO mch.training: Prefilter progress: scanned 1000/5000 columns
2025-11-05 10:20:07,981 INFO mch.training: Prefilter progress: scanned 2000/5000 columns
2025-11-05 10:20:08,341 INFO mch.training: Prefilter progress: scanned 3000/5000 columns
2025-11-05 10:20:08,746 INFO mch.training: Prefilter progress: scanned 4000/5000 columns
2025-11-05 10:20:09,134 INFO mch.training: Prefilter progress: scanned 5000/5000 columns
2025-11-05 10:20:09,636 INFO mch.training: Prefilter done: kept 200 features
2025-11-05 10:20:09,651 WARNING mch.training: Drop rare classes (<2 samples): Histiocytosis
2025-11-05 10:20:09,657 INFO mch.training: Train/Test shapes: X_train=(85, 200), X_test=(22, 200)
2025-11-05 10:20:09,658 INFO mch.training: DM disabled
2025-11-05 10:20:09,659 INFO mch.training: Pipeline steps: ['modelGeneration']
2025-11-05 10:20:09,660 WARNING mch.training: parameter_grid is None/empty, fit pipeline without grid search
2025-11-05 10:20:23,442 INFO mch.training: Test accuracy: 0.8636, macro_f1: 0.3089, weighted_f1: 0.8004
2025-11-05 10:20:23,449 INFO mch.training: Model trained for Haematological malignancy, not saved
2025-11-05 12:28:58,617 INFO mch.training: Only training specified node: Haematological malignancy
2025-11-05 12:28:58,618 INFO mch.training: Training model for node: Haematological malignancy
2025-11-05 12:29:11,041 INFO mch.training: Prefilter start: input shape=(108,600118), candidates=600117, topk=200, scan_max=5000, chunk_size=1000
2025-11-05 12:29:11,477 INFO mch.training: Prefilter progress: scanned 1000/5000 columns
2025-11-05 12:29:11,878 INFO mch.training: Prefilter progress: scanned 2000/5000 columns
2025-11-05 12:29:12,284 INFO mch.training: Prefilter progress: scanned 3000/5000 columns
2025-11-05 12:29:12,695 INFO mch.training: Prefilter progress: scanned 4000/5000 columns
2025-11-05 12:29:13,122 INFO mch.training: Prefilter progress: scanned 5000/5000 columns
2025-11-05 12:29:13,646 INFO mch.training: Prefilter done: kept 200 features
2025-11-05 12:29:13,666 WARNING mch.training: Drop rare classes (<2 samples): Histiocytosis
2025-11-05 12:29:13,672 INFO mch.training: Train/Test shapes: X_train=(85, 200), X_test=(22, 200)
2025-11-05 12:29:13,675 INFO mch.training: Using LogisticRegression as model.
2025-11-05 12:29:13,676 INFO mch.training: DM disabled
2025-11-05 12:29:13,679 INFO mch.training: Pipeline steps: ['modelGeneration']
2025-11-05 12:29:13,680 WARNING mch.training: parameter_grid is None/empty, fit pipeline without grid search
2025-11-05 12:29:27,012 INFO mch.training: Test accuracy: 0.7273, macro_f1: 0.2807, weighted_f1: 0.7273
2025-11-05 12:29:27,015 INFO mch.training: Model trained for Haematological malignancy, not saved
2025-11-05 12:32:41,827 INFO mch.training: ================================================================================
2025-11-05 12:32:41,831 INFO mch.training: PARALLELIZATION: Starting parallel training
2025-11-05 12:32:41,833 INFO mch.training: ================================================================================
2025-11-05 12:32:41,835 INFO mch.training: DATA ISOLATION: Splitting train/validation sets for entire tree
2025-11-05 12:32:41,836 INFO mch.training: Validation ratio: 0.20, Random seed: 42
2025-11-05 12:32:41,839 INFO mch.training: DATA ISOLATION: Train/validation split completed successfully
2025-11-05 12:32:41,840 INFO mch.training: Only training specified node: Haematological malignancy
2025-11-05 12:32:41,842 INFO mch.training: ================================================================================
2025-11-05 12:32:41,844 INFO mch.training: PARALLELIZATION: Training 1 nodes using 1 parallel workers
2025-11-05 12:32:41,845 INFO mch.training: CPU cores available: 8
2025-11-05 12:32:41,846 INFO mch.training: Nodes to train: Haematological malignancy
2025-11-05 12:32:41,848 INFO mch.training: ================================================================================
2025-11-05 12:32:41,928 INFO mch.training: Submitted 1 training tasks to executor
2025-11-05 12:33:19,833 INFO mch.training: [PARALLEL] Training model for node: Haematological malignancy
2025-11-05 12:39:50,082 INFO mch.training: ================================================================================
2025-11-05 12:39:50,083 INFO mch.training: PARALLELIZATION: Starting parallel training
2025-11-05 12:39:50,084 INFO mch.training: ================================================================================
2025-11-05 12:39:50,086 INFO mch.training: DATA ISOLATION: Splitting train/validation sets for entire tree
2025-11-05 12:39:50,087 INFO mch.training: Validation ratio: 0.20, Random seed: 42
2025-11-05 12:39:50,090 INFO mch.training: DATA ISOLATION: Train/validation split completed successfully
2025-11-05 12:39:50,091 INFO mch.training: Only training specified node: Haematological malignancy
2025-11-05 12:39:50,093 INFO mch.training: ================================================================================
2025-11-05 12:39:50,094 INFO mch.training: PARALLELIZATION: Training 1 nodes using 1 parallel workers
2025-11-05 12:39:50,096 INFO mch.training: CPU cores available: 8
2025-11-05 12:39:50,097 INFO mch.training: Nodes to train: Haematological malignancy
2025-11-05 12:39:50,098 INFO mch.training: ================================================================================
2025-11-05 12:39:50,245 INFO mch.training: Submitted 1 training tasks to executor
2025-11-05 12:40:26,157 INFO mch.training: [PARALLEL] Training model for node: Haematological malignancy
2025-11-05 12:43:04,537 INFO mch.training: ================================================================================
2025-11-05 12:43:04,539 INFO mch.training: PARALLELIZATION: Starting parallel training
2025-11-05 12:43:04,540 INFO mch.training: ================================================================================
2025-11-05 12:43:04,542 INFO mch.training: DATA ISOLATION: Splitting train/validation sets for entire tree
2025-11-05 12:43:04,543 INFO mch.training: Validation ratio: 0.20, Random seed: 42
2025-11-05 12:43:04,546 INFO mch.training: DATA ISOLATION: Train/validation split completed successfully
2025-11-05 12:43:04,550 INFO mch.training: Only training specified node: Haematological malignancy
2025-11-05 12:43:04,552 INFO mch.training: ================================================================================
2025-11-05 12:43:04,553 INFO mch.training: PARALLELIZATION: Training 1 nodes using 1 parallel workers
2025-11-05 12:43:04,555 INFO mch.training: CPU cores available: 8
2025-11-05 12:43:04,556 INFO mch.training: Nodes to train: Haematological malignancy
2025-11-05 12:43:04,557 INFO mch.training: ================================================================================
2025-11-05 12:43:04,733 INFO mch.training: Submitted 1 training tasks to executor
2025-11-05 12:43:40,874 INFO mch.training: [PARALLEL] Training model for node: Haematological malignancy
2025-11-05 12:46:38,676 INFO mch.training: ================================================================================
2025-11-05 12:46:38,678 INFO mch.training: PARALLELIZATION: Starting parallel training
2025-11-05 12:46:38,680 INFO mch.training: ================================================================================
2025-11-05 12:46:38,682 INFO mch.training: DATA ISOLATION: Splitting train/validation sets for entire tree
2025-11-05 12:46:38,685 INFO mch.training: Validation ratio: 0.20, Random seed: 42
2025-11-05 12:46:38,689 INFO mch.training: DATA ISOLATION: Train/validation split completed successfully
2025-11-05 12:46:38,691 INFO mch.training: Only training specified node: Haematological malignancy
2025-11-05 12:46:38,693 INFO mch.training: ================================================================================
2025-11-05 12:46:38,695 INFO mch.training: PARALLELIZATION: Training 1 nodes using 1 parallel workers
2025-11-05 12:46:38,698 INFO mch.training: CPU cores available: 8
2025-11-05 12:46:38,699 INFO mch.training: Nodes to train: Haematological malignancy
2025-11-05 12:46:38,701 INFO mch.training: ================================================================================
2025-11-05 12:46:38,939 INFO mch.training: Submitted 1 training tasks to executor
2025-11-05 12:47:14,832 INFO mch.training: [PARALLEL] Training model for node: Haematological malignancy
2025-11-05 12:48:50,366 INFO mch.training: ================================================================================
2025-11-05 12:48:50,368 INFO mch.training: PARALLELIZATION: Starting parallel training
2025-11-05 12:48:50,371 INFO mch.training: ================================================================================
2025-11-05 12:48:50,373 INFO mch.training: DATA ISOLATION: Splitting train/validation sets for entire tree
2025-11-05 12:48:50,375 INFO mch.training: Validation ratio: 0.20, Random seed: 42
2025-11-05 12:48:50,379 INFO mch.training: DATA ISOLATION: Train/validation split completed successfully
2025-11-05 12:48:50,381 INFO mch.training: Only training specified node: Haematological malignancy
2025-11-05 12:48:50,384 INFO mch.training: ================================================================================
2025-11-05 12:48:50,386 INFO mch.training: PARALLELIZATION: Training 1 nodes using 1 parallel workers
2025-11-05 12:48:50,389 INFO mch.training: CPU cores available: 8
2025-11-05 12:48:50,391 INFO mch.training: Nodes to train: Haematological malignancy
2025-11-05 12:48:50,393 INFO mch.training: ================================================================================
2025-11-05 12:48:50,710 INFO mch.training: Submitted 1 training tasks to executor
2025-11-05 12:49:41,682 INFO mch.training: ================================================================================
2025-11-05 12:49:41,686 INFO mch.training: PARALLELIZATION: Starting parallel training
2025-11-05 12:49:41,688 INFO mch.training: ================================================================================
2025-11-05 12:49:41,690 INFO mch.training: DATA ISOLATION: Splitting train/validation sets for entire tree
2025-11-05 12:49:41,692 INFO mch.training: Validation ratio: 0.20, Random seed: 42
2025-11-05 12:49:41,698 INFO mch.training: DATA ISOLATION: Train/validation split completed successfully
2025-11-05 12:49:41,700 INFO mch.training: Only training specified node: Haematological malignancy
2025-11-05 12:49:41,703 INFO mch.training: ================================================================================
2025-11-05 12:49:41,705 INFO mch.training: PARALLELIZATION: Training 1 nodes using 1 parallel workers
2025-11-05 12:49:41,707 INFO mch.training: CPU cores available: 8
2025-11-05 12:49:41,709 INFO mch.training: Nodes to train: Haematological malignancy
2025-11-05 12:49:41,711 INFO mch.training: ================================================================================
2025-11-05 12:49:42,023 INFO mch.training: Submitted 1 training tasks to executor
2025-11-05 12:50:45,722 INFO mch.training: [PARALLEL] Training model for node: Haematological malignancy
2025-11-05 13:02:39,955 INFO mch.training: ================================================================================
2025-11-05 13:02:39,957 INFO mch.training: PARALLELIZATION: Starting parallel training
2025-11-05 13:02:39,960 INFO mch.training: ================================================================================
2025-11-05 13:02:39,963 INFO mch.training: DATA ISOLATION: Splitting train/validation sets for entire tree
2025-11-05 13:02:39,965 INFO mch.training: Validation ratio: 0.20, Random seed: 42
2025-11-05 13:02:39,969 INFO mch.training: DATA ISOLATION: Train/validation split completed successfully
2025-11-05 13:02:39,971 INFO mch.training: ================================================================================
2025-11-05 13:02:39,973 INFO mch.training: PARALLELIZATION: Training 7 nodes using 7 parallel workers
2025-11-05 13:02:39,976 INFO mch.training: CPU cores available: 8
2025-11-05 13:02:39,978 INFO mch.training: Nodes to train: Neuroblastoma, Vascular/lymphatic anomalies, Haematological malignancy, Sarcoma, Solid tumour, Central nervous system, Overgrowth syndrome
2025-11-05 13:02:39,981 INFO mch.training: ================================================================================
2025-11-05 13:02:42,583 INFO mch.training: Submitted 7 training tasks to executor
2025-11-05 13:05:28,813 INFO mch.training: ================================================================================
2025-11-05 13:05:28,814 INFO mch.training: PARALLELIZATION: Starting parallel training
2025-11-05 13:05:28,816 INFO mch.training: ================================================================================
2025-11-05 13:05:28,817 INFO mch.training: DATA ISOLATION: Splitting train/validation sets for entire tree
2025-11-05 13:05:28,821 INFO mch.training: Validation ratio: 0.20, Random seed: 42
2025-11-05 13:05:28,824 INFO mch.training: DATA ISOLATION: Train/validation split completed successfully
2025-11-05 13:05:28,826 INFO mch.training: ================================================================================
2025-11-05 13:05:28,827 INFO mch.training: PARALLELIZATION: Training 7 nodes using 7 parallel workers
2025-11-05 13:05:28,828 INFO mch.training: CPU cores available: 8
2025-11-05 13:05:28,830 INFO mch.training: Nodes to train: Neuroblastoma, Vascular/lymphatic anomalies, Haematological malignancy, Sarcoma, Solid tumour, Central nervous system, Overgrowth syndrome
2025-11-05 13:05:28,831 INFO mch.training: ================================================================================
2025-11-05 13:05:29,543 INFO mch.training: Submitted 7 training tasks to executor
2025-11-05 13:06:16,150 INFO mch.training: [PARALLEL] Training model for node: Neuroblastoma
2025-11-05 13:06:35,244 INFO mch.training: [PARALLEL] Training model for node: Vascular/lymphatic anomalies
2025-11-05 13:07:02,908 INFO mch.training: [PARALLEL] Training model for node: Haematological malignancy
2025-11-05 13:07:23,643 INFO mch.training: [PARALLEL] Training model for node: Sarcoma
2025-11-05 13:15:19,560 INFO mch.training: ================================================================================
2025-11-05 13:15:19,562 INFO mch.training: PARALLELIZATION: Starting parallel training
2025-11-05 13:15:19,564 INFO mch.training: ================================================================================
2025-11-05 13:15:19,565 INFO mch.training: DATA ISOLATION: Splitting train/validation sets for entire tree
2025-11-05 13:15:19,566 INFO mch.training: Validation ratio: 0.20, Random seed: 42
2025-11-05 13:15:19,570 INFO mch.training: DATA ISOLATION: Train/validation split completed successfully
2025-11-05 13:15:19,572 INFO mch.training: ================================================================================
2025-11-05 13:15:19,573 INFO mch.training: PARALLELIZATION: Training 7 nodes using 7 parallel workers
2025-11-05 13:15:19,575 INFO mch.training: CPU cores available: 8
2025-11-05 13:15:19,576 INFO mch.training: Nodes to train: Neuroblastoma, Vascular/lymphatic anomalies, Haematological malignancy, Sarcoma, Solid tumour, Central nervous system, Overgrowth syndrome
2025-11-05 13:15:19,578 INFO mch.training: ================================================================================
2025-11-05 13:15:20,139 INFO mch.training: Submitted 7 training tasks to executor
2025-11-05 13:16:09,256 INFO mch.training: [PARALLEL] Training model for node: Neuroblastoma
2025-11-05 13:16:32,095 INFO mch.training: [PARALLEL] Training model for node: Vascular/lymphatic anomalies
2025-11-05 13:16:47,868 ERROR mch.training: [1/7] Neuroblastoma: EXCEPTION - A process in the process pool was terminated abruptly while the future was running or pending.
Traceback (most recent call last):
  File "/Workspace/9900-f18a-cake/test/working_branch/src/mch/models/training.py", line 583, in train_all_models_parallel
    stats = future.result()
            ^^^^^^^^^^^^^^^
  File "/usr/lib/python3.12/concurrent/futures/_base.py", line 449, in result
    return self.__get_result()
           ^^^^^^^^^^^^^^^^^^^
  File "/usr/lib/python3.12/concurrent/futures/_base.py", line 401, in __get_result
    raise self._exception
concurrent.futures.process.BrokenProcessPool: A process in the process pool was terminated abruptly while the future was running or pending.
2025-11-05 15:56:34,798 INFO mch.training: Only training specified node: Haematological malignancy
2025-11-05 15:56:34,799 INFO mch.training: Training model for node: Haematological malignancy
2025-11-05 15:56:39,116 INFO mch.training: Only training specified node: Haematological malignancy
2025-11-05 15:56:39,118 INFO mch.training: Training model for node: Haematological malignancy
2025-11-05 15:56:48,837 INFO mch.training: Prefilter start: input shape=(108,600118), candidates=600117, topk=200, scan_max=5000, chunk_size=1000
2025-11-05 15:56:49,195 INFO mch.training: Prefilter progress: scanned 1000/5000 columns
2025-11-05 15:56:49,510 INFO mch.training: Prefilter progress: scanned 2000/5000 columns
2025-11-05 15:56:49,821 INFO mch.training: Prefilter progress: scanned 3000/5000 columns
2025-11-05 15:56:50,141 INFO mch.training: Prefilter progress: scanned 4000/5000 columns
2025-11-05 15:56:50,495 INFO mch.training: Prefilter progress: scanned 5000/5000 columns
2025-11-05 15:56:50,969 INFO mch.training: Prefilter done: kept 200 features
2025-11-05 15:56:51,016 WARNING mch.training: Drop rare classes (<2 samples): Histiocytosis
2025-11-05 15:56:51,023 INFO mch.training: Train/Test shapes: X_train=(85, 200), X_test=(22, 200)
2025-11-05 15:56:51,026 INFO mch.training: DM disabled
2025-11-05 15:56:51,028 INFO mch.training: Pipeline steps: ['modelGeneration']
2025-11-05 15:56:51,030 WARNING mch.training: parameter_grid is None/empty, fit pipeline without grid search
2025-11-05 15:56:53,304 INFO mch.training: Prefilter start: input shape=(108,600118), candidates=600117, topk=200, scan_max=5000, chunk_size=1000
2025-11-05 15:56:53,681 INFO mch.training: Prefilter progress: scanned 1000/5000 columns
2025-11-05 15:56:54,005 INFO mch.training: Prefilter progress: scanned 2000/5000 columns
2025-11-05 15:56:54,339 INFO mch.training: Prefilter progress: scanned 3000/5000 columns
2025-11-05 15:56:54,669 INFO mch.training: Prefilter progress: scanned 4000/5000 columns
2025-11-05 15:56:54,997 INFO mch.training: Prefilter progress: scanned 5000/5000 columns
2025-11-05 15:56:55,386 INFO mch.training: Prefilter done: kept 200 features
2025-11-05 15:56:55,400 WARNING mch.training: Drop rare classes (<2 samples): Histiocytosis
2025-11-05 15:56:55,406 INFO mch.training: Train/Test shapes: X_train=(85, 200), X_test=(22, 200)
2025-11-05 15:56:55,407 INFO mch.training: DM disabled
2025-11-05 15:56:55,408 INFO mch.training: Pipeline steps: ['modelGeneration']
2025-11-05 15:56:55,409 WARNING mch.training: parameter_grid is None/empty, fit pipeline without grid search
2025-11-05 15:57:06,277 INFO mch.training: Test accuracy: 0.8636, macro_f1: 0.3089, weighted_f1: 0.8004
2025-11-05 15:57:06,282 INFO mch.training: Model trained for Haematological malignancy, not saved
2025-11-05 16:07:34,429 INFO mch.training: ================================================================================
2025-11-05 16:07:34,435 INFO mch.training: PARALLELIZATION: Starting parallel training
2025-11-05 16:07:34,437 INFO mch.training: ================================================================================
2025-11-05 16:07:34,439 INFO mch.training: DATA ISOLATION: Splitting train/validation sets for entire tree
2025-11-05 16:07:34,440 INFO mch.training: Validation ratio: 0.20, Random seed: 42
2025-11-05 16:07:34,453 INFO mch.training: DATA ISOLATION: Train/validation split completed successfully
2025-11-05 16:07:34,455 INFO mch.training: ================================================================================
2025-11-05 16:07:34,457 INFO mch.training: PARALLELIZATION: Training 7 nodes using 3 parallel workers
2025-11-05 16:07:34,459 INFO mch.training: CPU cores available: 4
2025-11-05 16:07:34,461 INFO mch.training: Nodes to train: Neuroblastoma, Vascular/lymphatic anomalies, Haematological malignancy, Sarcoma, Solid tumour, Central nervous system, Overgrowth syndrome
2025-11-05 16:07:34,462 INFO mch.training: ================================================================================
2025-11-05 16:07:34,737 INFO mch.training: Submitted 7 training tasks to executor
2025-11-06 05:13:58,551 INFO mch.training: ================================================================================
2025-11-06 05:13:58,553 INFO mch.training: PARALLELIZATION: Starting parallel training
2025-11-06 05:13:58,554 INFO mch.training: ================================================================================
2025-11-06 05:13:58,555 INFO mch.training: DATA ISOLATION: Splitting train/validation sets for entire tree
2025-11-06 05:13:58,556 INFO mch.training: Validation ratio: 0.20, Random seed: 42
2025-11-06 05:13:58,559 INFO mch.training: DATA ISOLATION: Train/validation split completed successfully
2025-11-06 05:13:58,560 INFO mch.training: ================================================================================
2025-11-06 05:13:58,561 INFO mch.training: PARALLELIZATION: Training 7 nodes using 1 parallel workers
2025-11-06 05:13:58,563 INFO mch.training: CPU cores available: 16
2025-11-06 05:13:58,564 INFO mch.training: Nodes to train: Neuroblastoma, Vascular/lymphatic anomalies, Haematological malignancy, Sarcoma, Solid tumour, Central nervous system, Overgrowth syndrome
2025-11-06 05:13:58,565 INFO mch.training: ================================================================================
2025-11-06 05:13:58,566 INFO mch.training: [DEBUG-PARALLEL] Creating ProcessPoolExecutor with max_workers=1
2025-11-06 05:13:58,568 INFO mch.training: [DEBUG-PARALLEL] Using multiprocessing context: spawn
2025-11-06 05:13:58,839 INFO mch.training: [DEBUG-PARALLEL] Submitting 7 training tasks...
2025-11-06 05:13:58,840 INFO mch.training: [DEBUG-PARALLEL] Submitting task 1/7: Neuroblastoma
2025-11-06 05:13:59,065 INFO mch.training: [DEBUG-PARALLEL] Task submitted for: Neuroblastoma
2025-11-06 05:13:59,525 INFO mch.training: [DEBUG-PARALLEL] Submitting task 2/7: Vascular/lymphatic anomalies
2025-11-06 05:13:59,557 INFO mch.training: [DEBUG-PARALLEL] Task submitted for: Vascular/lymphatic anomalies
2025-11-06 05:13:59,927 INFO mch.training: [DEBUG-PARALLEL] Submitting task 3/7: Haematological malignancy
2025-11-06 05:13:59,991 INFO mch.training: [DEBUG-PARALLEL] Task submitted for: Haematological malignancy
2025-11-06 05:14:00,018 INFO mch.training: [DEBUG-PARALLEL] Submitting task 4/7: Sarcoma
2025-11-06 05:14:00,420 INFO mch.training: [DEBUG-PARALLEL] Task submitted for: Sarcoma
2025-11-06 05:14:00,441 INFO mch.training: [DEBUG-PARALLEL] Submitting task 5/7: Solid tumour
2025-11-06 05:14:00,489 INFO mch.training: [DEBUG-PARALLEL] Task submitted for: Solid tumour
2025-11-06 05:14:00,533 INFO mch.training: [DEBUG-PARALLEL] Submitting task 6/7: Central nervous system
2025-11-06 05:14:00,557 INFO mch.training: [DEBUG-PARALLEL] Task submitted for: Central nervous system
2025-11-06 05:14:00,600 INFO mch.training: [DEBUG-PARALLEL] Submitting task 7/7: Overgrowth syndrome
2025-11-06 05:14:00,654 INFO mch.training: [DEBUG-PARALLEL] Task submitted for: Overgrowth syndrome
2025-11-06 05:14:00,701 INFO mch.training: [DEBUG-PARALLEL] All 7 training tasks submitted to executor
2025-11-06 05:14:00,745 INFO mch.training: [DEBUG-PARALLEL] Waiting for tasks to complete...
2025-11-06 05:14:52,204 INFO mch.training: [DEBUG-PARALLEL] Task completed 1/7: Neuroblastoma
2025-11-06 05:14:52,205 INFO mch.training: [DEBUG-PARALLEL] Getting result for Neuroblastoma...
2025-11-06 05:14:52,207 INFO mch.training: [DEBUG-PARALLEL] Result received for Neuroblastoma
2025-11-06 05:14:52,208 WARNING mch.training: [1/7] Neuroblastoma: SKIPPED (no data or insufficient samples)
2025-11-06 05:15:17,048 INFO mch.training: [DEBUG-PARALLEL] Task completed 2/7: Vascular/lymphatic anomalies
2025-11-06 05:15:17,050 INFO mch.training: [DEBUG-PARALLEL] Getting result for Vascular/lymphatic anomalies...
2025-11-06 05:15:17,051 INFO mch.training: [DEBUG-PARALLEL] Result received for Vascular/lymphatic anomalies
2025-11-06 05:15:17,052 WARNING mch.training: [2/7] Vascular/lymphatic anomalies: SKIPPED (no data or insufficient samples)
2025-11-06 05:15:59,362 INFO mch.training: [DEBUG-PARALLEL] Task completed 3/7: Haematological malignancy
2025-11-06 05:15:59,365 INFO mch.training: [DEBUG-PARALLEL] Getting result for Haematological malignancy...
2025-11-06 05:15:59,367 INFO mch.training: [DEBUG-PARALLEL] Result received for Haematological malignancy
2025-11-06 05:15:59,369 INFO mch.training: [3/7] Haematological malignancy: COMPLETED (acc=0.826)
2025-11-06 05:16:40,831 INFO mch.training: [DEBUG-PARALLEL] Task completed 4/7: Sarcoma
2025-11-06 05:16:40,832 INFO mch.training: [DEBUG-PARALLEL] Getting result for Sarcoma...
2025-11-06 05:16:40,833 INFO mch.training: [DEBUG-PARALLEL] Result received for Sarcoma
2025-11-06 05:16:40,834 INFO mch.training: [4/7] Sarcoma: COMPLETED (acc=0.125)
2025-11-06 05:17:22,249 INFO mch.training: [DEBUG-PARALLEL] Task completed 5/7: Solid tumour
2025-11-06 05:17:22,251 INFO mch.training: [DEBUG-PARALLEL] Getting result for Solid tumour...
2025-11-06 05:17:22,252 INFO mch.training: [DEBUG-PARALLEL] Result received for Solid tumour
2025-11-06 05:17:22,254 INFO mch.training: [5/7] Solid tumour: COMPLETED (acc=0.067)
2025-11-06 05:18:05,169 INFO mch.training: [DEBUG-PARALLEL] Task completed 6/7: Central nervous system
2025-11-06 05:18:05,171 INFO mch.training: [DEBUG-PARALLEL] Getting result for Central nervous system...
2025-11-06 05:18:05,173 INFO mch.training: [DEBUG-PARALLEL] Result received for Central nervous system
2025-11-06 05:18:05,174 INFO mch.training: [6/7] Central nervous system: COMPLETED (acc=0.214)
2025-11-06 05:18:30,041 INFO mch.training: [DEBUG-PARALLEL] Task completed 7/7: Overgrowth syndrome
2025-11-06 05:18:30,043 INFO mch.training: [DEBUG-PARALLEL] Getting result for Overgrowth syndrome...
2025-11-06 05:18:30,044 INFO mch.training: [DEBUG-PARALLEL] Result received for Overgrowth syndrome
2025-11-06 05:18:30,045 WARNING mch.training: [7/7] Overgrowth syndrome: SKIPPED (no data or insufficient samples)
2025-11-06 05:18:31,197 INFO mch.training: ================================================================================
2025-11-06 05:18:31,199 INFO mch.training: PARALLELIZATION: Training completed
2025-11-06 05:18:31,200 INFO mch.training: Total time: 272.63 seconds (4.54 minutes)
2025-11-06 05:18:31,201 INFO mch.training: Success: 4/7 nodes
2025-11-06 05:18:31,202 INFO mch.training: ================================================================================
2025-11-06 05:44:00,065 INFO mch.training: ================================================================================
2025-11-06 05:44:00,066 INFO mch.training: PARALLELIZATION: Starting parallel training
2025-11-06 05:44:00,067 INFO mch.training: ================================================================================
2025-11-06 05:44:00,068 INFO mch.training: DATA ISOLATION: Splitting train/validation sets for entire tree
2025-11-06 05:44:00,069 INFO mch.training: Validation ratio: 0.20, Random seed: 42
2025-11-06 05:44:00,072 INFO mch.training: DATA ISOLATION: Train/validation split completed successfully
2025-11-06 05:44:00,073 INFO mch.training: ================================================================================
2025-11-06 05:44:00,074 INFO mch.training: PARALLELIZATION: Training 7 nodes using 7 parallel workers
2025-11-06 05:44:00,075 INFO mch.training: CPU cores available: 16
2025-11-06 05:44:00,076 INFO mch.training: Nodes to train: Neuroblastoma, Vascular/lymphatic anomalies, Haematological malignancy, Sarcoma, Solid tumour, Central nervous system, Overgrowth syndrome
2025-11-06 05:44:00,077 INFO mch.training: ================================================================================
2025-11-06 05:44:00,078 INFO mch.training: [DEBUG-PARALLEL] Creating ProcessPoolExecutor with max_workers=7
2025-11-06 05:44:00,079 INFO mch.training: [DEBUG-PARALLEL] Using multiprocessing context: spawn
2025-11-06 05:44:00,082 INFO mch.training: [DEBUG-PARALLEL] Submitting 7 training tasks...
2025-11-06 05:44:00,083 INFO mch.training: [DEBUG-PARALLEL] Submitting task 1/7: Neuroblastoma
2025-11-06 05:44:00,252 INFO mch.training: [DEBUG-PARALLEL] Task submitted for: Neuroblastoma
2025-11-06 05:44:00,380 INFO mch.training: [DEBUG-PARALLEL] Submitting task 2/7: Vascular/lymphatic anomalies
2025-11-06 05:44:00,853 INFO mch.training: [DEBUG-PARALLEL] Task submitted for: Vascular/lymphatic anomalies
2025-11-06 05:44:01,384 INFO mch.training: [DEBUG-PARALLEL] Submitting task 3/7: Haematological malignancy
2025-11-06 05:44:01,667 INFO mch.training: [DEBUG-PARALLEL] Task submitted for: Haematological malignancy
2025-11-06 05:44:01,720 INFO mch.training: [DEBUG-PARALLEL] Submitting task 4/7: Sarcoma
2025-11-06 05:44:01,951 INFO mch.training: [DEBUG-PARALLEL] Task submitted for: Sarcoma
2025-11-06 05:44:01,988 INFO mch.training: [DEBUG-PARALLEL] Submitting task 5/7: Solid tumour
2025-11-06 05:44:02,228 INFO mch.training: [DEBUG-PARALLEL] Task submitted for: Solid tumour
2025-11-06 05:44:02,276 INFO mch.training: [DEBUG-PARALLEL] Submitting task 6/7: Central nervous system
2025-11-06 05:44:02,528 INFO mch.training: [DEBUG-PARALLEL] Task submitted for: Central nervous system
2025-11-06 05:44:02,561 INFO mch.training: [DEBUG-PARALLEL] Submitting task 7/7: Overgrowth syndrome
2025-11-06 05:44:02,779 INFO mch.training: [DEBUG-PARALLEL] Task submitted for: Overgrowth syndrome
2025-11-06 05:44:02,816 INFO mch.training: [DEBUG-PARALLEL] All 7 training tasks submitted to executor
2025-11-06 05:44:02,849 INFO mch.training: [DEBUG-PARALLEL] Waiting for tasks to complete...
2025-11-06 05:44:56,723 INFO mch.training: [DEBUG-PARALLEL] Task completed 1/7: Neuroblastoma
2025-11-06 05:44:56,751 INFO mch.training: [DEBUG-PARALLEL] Getting result for Neuroblastoma...
2025-11-06 05:44:56,810 INFO mch.training: [DEBUG-PARALLEL] Result received for Neuroblastoma
2025-11-06 05:44:56,858 WARNING mch.training: [1/7] Neuroblastoma: SKIPPED (no data or insufficient samples)
2025-11-06 05:44:57,853 INFO mch.training: [DEBUG-PARALLEL] Task completed 2/7: Vascular/lymphatic anomalies
2025-11-06 05:44:57,876 INFO mch.training: [DEBUG-PARALLEL] Getting result for Vascular/lymphatic anomalies...
2025-11-06 05:44:57,913 INFO mch.training: [DEBUG-PARALLEL] Result received for Vascular/lymphatic anomalies
2025-11-06 05:44:57,947 WARNING mch.training: [2/7] Vascular/lymphatic anomalies: SKIPPED (no data or insufficient samples)
2025-11-06 05:45:31,631 INFO mch.training: [DEBUG-PARALLEL] Task completed 3/7: Haematological malignancy
2025-11-06 05:45:31,633 INFO mch.training: [DEBUG-PARALLEL] Getting result for Haematological malignancy...
2025-11-06 05:45:31,634 INFO mch.training: [DEBUG-PARALLEL] Result received for Haematological malignancy
2025-11-06 05:45:31,635 INFO mch.training: [3/7] Haematological malignancy: COMPLETED (acc=0.826)
2025-11-06 05:45:48,796 INFO mch.training: [DEBUG-PARALLEL] Task completed 4/7: Sarcoma
2025-11-06 05:45:48,798 INFO mch.training: [DEBUG-PARALLEL] Getting result for Sarcoma...
2025-11-06 05:45:48,800 INFO mch.training: [DEBUG-PARALLEL] Result received for Sarcoma
2025-11-06 05:45:48,801 INFO mch.training: [4/7] Sarcoma: COMPLETED (acc=0.125)
2025-11-06 05:46:04,201 INFO mch.training: [DEBUG-PARALLEL] Task completed 5/7: Solid tumour
2025-11-06 05:46:04,203 INFO mch.training: [DEBUG-PARALLEL] Getting result for Solid tumour...
2025-11-06 05:46:04,204 INFO mch.training: [DEBUG-PARALLEL] Result received for Solid tumour
2025-11-06 05:46:04,206 INFO mch.training: [5/7] Solid tumour: COMPLETED (acc=0.067)
2025-11-06 05:46:17,672 INFO mch.training: [DEBUG-PARALLEL] Task completed 6/7: Overgrowth syndrome
2025-11-06 05:46:17,673 INFO mch.training: [DEBUG-PARALLEL] Getting result for Overgrowth syndrome...
2025-11-06 05:46:17,674 INFO mch.training: [DEBUG-PARALLEL] Result received for Overgrowth syndrome
2025-11-06 05:46:17,676 WARNING mch.training: [6/7] Overgrowth syndrome: SKIPPED (no data or insufficient samples)
2025-11-06 05:46:20,346 INFO mch.training: [DEBUG-PARALLEL] Task completed 7/7: Central nervous system
2025-11-06 05:46:20,347 INFO mch.training: [DEBUG-PARALLEL] Getting result for Central nervous system...
2025-11-06 05:46:20,350 INFO mch.training: [DEBUG-PARALLEL] Result received for Central nervous system
2025-11-06 05:46:20,351 INFO mch.training: [7/7] Central nervous system: COMPLETED (acc=0.214)
2025-11-06 05:46:22,190 INFO mch.training: ================================================================================
2025-11-06 05:46:22,192 INFO mch.training: PARALLELIZATION: Training completed
2025-11-06 05:46:22,194 INFO mch.training: Total time: 142.11 seconds (2.37 minutes)
2025-11-06 05:46:22,195 INFO mch.training: Success: 4/7 nodes
2025-11-06 05:46:22,196 INFO mch.training: ================================================================================
2025-11-06 10:16:15,675 INFO mch.training: ================================================================================
2025-11-06 10:16:15,679 INFO mch.training: PARALLELIZATION: Starting parallel training
2025-11-06 10:16:15,681 INFO mch.training: ================================================================================
2025-11-06 10:16:15,683 INFO mch.training: DATA ISOLATION: Splitting train/validation sets for entire tree
2025-11-06 10:16:15,685 INFO mch.training: Validation ratio: 0.20, Random seed: 42
2025-11-06 10:16:15,696 INFO mch.training: DATA ISOLATION: Train/validation split completed successfully
2025-11-06 10:16:15,698 INFO mch.training: ================================================================================
2025-11-06 10:16:15,701 INFO mch.training: PARALLELIZATION: Training 7 nodes using 7 parallel workers
2025-11-06 10:16:15,703 INFO mch.training: CPU cores available: 4
2025-11-06 10:16:15,705 INFO mch.training: Nodes to train: Neuroblastoma, Vascular/lymphatic anomalies, Haematological malignancy, Sarcoma, Solid tumour, Central nervous system, Overgrowth syndrome
2025-11-06 10:16:15,707 INFO mch.training: ================================================================================
2025-11-06 10:16:15,709 INFO mch.training: [DEBUG-PARALLEL] Creating ProcessPoolExecutor with max_workers=7
2025-11-06 10:16:15,713 INFO mch.training: [DEBUG-PARALLEL] Using multiprocessing context: spawn
2025-11-06 10:16:15,942 INFO mch.training: [DEBUG-PARALLEL] Submitting 7 training tasks...
2025-11-06 10:16:16,004 INFO mch.training: [DEBUG-PARALLEL] Submitting task 1/7: Neuroblastoma
2025-11-06 10:16:16,042 INFO mch.training: [DEBUG-PARALLEL] Task submitted for: Neuroblastoma
2025-11-06 10:16:21,024 INFO mch.training: [DEBUG-PARALLEL] Submitting task 2/7: Vascular/lymphatic anomalies
2025-11-06 10:16:21,395 INFO mch.training: [DEBUG-PARALLEL] Task submitted for: Vascular/lymphatic anomalies
2025-11-06 10:16:21,687 INFO mch.training: [DEBUG-PARALLEL] Submitting task 3/7: Haematological malignancy
2025-11-06 10:16:21,844 INFO mch.training: [DEBUG-PARALLEL] Task submitted for: Haematological malignancy
2025-11-06 10:16:22,028 INFO mch.training: [DEBUG-PARALLEL] Submitting task 4/7: Sarcoma
2025-11-06 10:16:22,094 INFO mch.training: [DEBUG-PARALLEL] Task submitted for: Sarcoma
2025-11-06 10:16:22,217 INFO mch.training: [DEBUG-PARALLEL] Submitting task 5/7: Solid tumour
2025-11-06 10:16:22,332 INFO mch.training: [DEBUG-PARALLEL] Task submitted for: Solid tumour
2025-11-06 10:16:22,432 INFO mch.training: [DEBUG-PARALLEL] Submitting task 6/7: Central nervous system
2025-11-06 10:16:22,518 INFO mch.training: [DEBUG-PARALLEL] Task submitted for: Central nervous system
2025-11-06 10:16:22,609 INFO mch.training: [DEBUG-PARALLEL] Submitting task 7/7: Overgrowth syndrome
2025-11-06 10:16:22,684 INFO mch.training: [DEBUG-PARALLEL] Task submitted for: Overgrowth syndrome
2025-11-06 10:16:22,766 INFO mch.training: [DEBUG-PARALLEL] All 7 training tasks submitted to executor
2025-11-06 10:16:22,831 INFO mch.training: [DEBUG-PARALLEL] Waiting for tasks to complete...
2025-11-06 10:33:38,294 INFO mch.training: ================================================================================
2025-11-06 10:33:38,301 INFO mch.training: PARALLELIZATION: Starting parallel training
2025-11-06 10:33:38,303 INFO mch.training: ================================================================================
2025-11-06 10:33:38,304 INFO mch.training: DATA ISOLATION: Splitting train/validation sets for entire tree
2025-11-06 10:33:38,306 INFO mch.training: Validation ratio: 0.20, Random seed: 42
2025-11-06 10:33:38,317 INFO mch.training: DATA ISOLATION: Train/validation split completed successfully
2025-11-06 10:33:38,320 INFO mch.training: ================================================================================
2025-11-06 10:33:38,323 INFO mch.training: PARALLELIZATION: Training 7 nodes using 7 parallel workers
2025-11-06 10:33:38,326 INFO mch.training: CPU cores available: 4
2025-11-06 10:33:38,328 INFO mch.training: Nodes to train: Neuroblastoma, Vascular/lymphatic anomalies, Haematological malignancy, Sarcoma, Solid tumour, Central nervous system, Overgrowth syndrome
2025-11-06 10:33:38,333 INFO mch.training: ================================================================================
2025-11-06 10:33:38,335 INFO mch.training: [DEBUG-PARALLEL] Creating ProcessPoolExecutor with max_workers=7
2025-11-06 10:33:38,339 INFO mch.training: [DEBUG-PARALLEL] Using multiprocessing context: spawn
2025-11-06 10:33:38,520 INFO mch.training: [DEBUG-PARALLEL] Submitting 7 training tasks...
2025-11-06 10:33:38,601 INFO mch.training: [DEBUG-PARALLEL] Submitting task 1/7: Neuroblastoma
2025-11-06 10:33:38,627 INFO mch.training: [DEBUG-PARALLEL] Task submitted for: Neuroblastoma
2025-11-06 10:33:38,793 INFO mch.training: [DEBUG-PARALLEL] Submitting task 2/7: Vascular/lymphatic anomalies
2025-11-06 10:33:44,199 INFO mch.training: [DEBUG-PARALLEL] Task submitted for: Vascular/lymphatic anomalies
2025-11-06 10:33:44,500 INFO mch.training: [DEBUG-PARALLEL] Submitting task 3/7: Haematological malignancy
2025-11-06 10:33:44,812 INFO mch.training: [DEBUG-PARALLEL] Task submitted for: Haematological malignancy
2025-11-06 10:33:45,156 INFO mch.training: [DEBUG-PARALLEL] Submitting task 4/7: Sarcoma
2025-11-06 10:33:45,236 INFO mch.training: [DEBUG-PARALLEL] Task submitted for: Sarcoma
2025-11-06 10:33:45,404 INFO mch.training: [DEBUG-PARALLEL] Submitting task 5/7: Solid tumour
2025-11-06 10:33:45,544 INFO mch.training: [DEBUG-PARALLEL] Task submitted for: Solid tumour
2025-11-06 10:33:45,739 INFO mch.training: [DEBUG-PARALLEL] Submitting task 6/7: Central nervous system
2025-11-06 10:33:45,862 INFO mch.training: [DEBUG-PARALLEL] Task submitted for: Central nervous system
2025-11-06 10:33:45,942 INFO mch.training: [DEBUG-PARALLEL] Submitting task 7/7: Overgrowth syndrome
2025-11-06 10:33:46,020 INFO mch.training: [DEBUG-PARALLEL] Task submitted for: Overgrowth syndrome
2025-11-06 10:33:46,113 INFO mch.training: [DEBUG-PARALLEL] All 7 training tasks submitted to executor
2025-11-06 10:33:46,142 INFO mch.training: [DEBUG-PARALLEL] Waiting for tasks to complete...
2025-11-06 10:41:33,472 INFO mch.training: ================================================================================
2025-11-06 10:41:33,481 INFO mch.training: PARALLELIZATION: Starting parallel training
2025-11-06 10:41:33,482 INFO mch.training: ================================================================================
2025-11-06 10:41:33,484 INFO mch.training: DATA ISOLATION: Splitting train/validation sets for entire tree
2025-11-06 10:41:33,485 INFO mch.training: Validation ratio: 0.20, Random seed: 42
2025-11-06 10:41:33,494 INFO mch.training: DATA ISOLATION: Train/validation split completed successfully
2025-11-06 10:41:33,496 INFO mch.training: ================================================================================
2025-11-06 10:41:33,499 INFO mch.training: PARALLELIZATION: Training 7 nodes using 7 parallel workers
2025-11-06 10:41:33,501 INFO mch.training: CPU cores available: 4
2025-11-06 10:41:33,502 INFO mch.training: Nodes to train: Neuroblastoma, Vascular/lymphatic anomalies, Haematological malignancy, Sarcoma, Solid tumour, Central nervous system, Overgrowth syndrome
2025-11-06 10:41:33,504 INFO mch.training: ================================================================================
2025-11-06 10:41:33,505 INFO mch.training: [DEBUG-PARALLEL] Creating ProcessPoolExecutor with max_workers=7
2025-11-06 10:41:33,509 INFO mch.training: [DEBUG-PARALLEL] Using multiprocessing context: spawn
2025-11-06 10:41:33,675 INFO mch.training: [DEBUG-PARALLEL] Submitting 7 training tasks...
2025-11-06 10:41:33,896 INFO mch.training: [DEBUG-PARALLEL] Submitting task 1/7: Neuroblastoma
2025-11-06 10:41:33,925 INFO mch.training: [DEBUG-PARALLEL] Task submitted for: Neuroblastoma
2025-11-06 10:41:39,414 INFO mch.training: [DEBUG-PARALLEL] Submitting task 2/7: Vascular/lymphatic anomalies
2025-11-06 10:41:39,682 INFO mch.training: [DEBUG-PARALLEL] Task submitted for: Vascular/lymphatic anomalies
2025-11-06 10:41:39,943 INFO mch.training: [DEBUG-PARALLEL] Submitting task 3/7: Haematological malignancy
2025-11-06 10:41:40,036 INFO mch.training: [DEBUG-PARALLEL] Task submitted for: Haematological malignancy
2025-11-06 10:41:40,327 INFO mch.training: [DEBUG-PARALLEL] Submitting task 4/7: Sarcoma
2025-11-06 10:41:40,444 INFO mch.training: [DEBUG-PARALLEL] Task submitted for: Sarcoma
2025-11-06 10:41:40,548 INFO mch.training: [DEBUG-PARALLEL] Submitting task 5/7: Solid tumour
2025-11-06 10:41:40,594 INFO mch.training: [DEBUG-PARALLEL] Task submitted for: Solid tumour
2025-11-06 10:41:40,709 INFO mch.training: [DEBUG-PARALLEL] Submitting task 6/7: Central nervous system
2025-11-06 10:41:40,810 INFO mch.training: [DEBUG-PARALLEL] Task submitted for: Central nervous system
2025-11-06 10:41:41,056 INFO mch.training: [DEBUG-PARALLEL] Submitting task 7/7: Overgrowth syndrome
2025-11-06 10:41:41,168 INFO mch.training: [DEBUG-PARALLEL] Task submitted for: Overgrowth syndrome
2025-11-06 10:41:41,322 INFO mch.training: [DEBUG-PARALLEL] All 7 training tasks submitted to executor
2025-11-06 10:41:41,381 INFO mch.training: [DEBUG-PARALLEL] Waiting for tasks to complete...
2025-11-06 10:57:51,954 INFO mch.training: ================================================================================
2025-11-06 10:57:51,961 INFO mch.training: PARALLELIZATION: Starting parallel training
2025-11-06 10:57:51,964 INFO mch.training: ================================================================================
2025-11-06 10:57:51,966 INFO mch.training: DATA ISOLATION: Splitting train/validation sets for entire tree
2025-11-06 10:57:51,968 INFO mch.training: Validation ratio: 0.20, Random seed: 42
2025-11-06 10:57:51,981 INFO mch.training: DATA ISOLATION: Train/validation split completed successfully
2025-11-06 10:57:51,983 INFO mch.training: ================================================================================
2025-11-06 10:57:51,985 INFO mch.training: PARALLELIZATION: Training 7 nodes using 3 parallel workers
2025-11-06 10:57:51,987 INFO mch.training: CPU cores available: 4
2025-11-06 10:57:51,989 INFO mch.training: Nodes to train: Neuroblastoma, Vascular/lymphatic anomalies, Haematological malignancy, Sarcoma, Solid tumour, Central nervous system, Overgrowth syndrome
2025-11-06 10:57:51,990 INFO mch.training: ================================================================================
2025-11-06 10:57:51,992 INFO mch.training: [DEBUG-PARALLEL] Creating ProcessPoolExecutor with max_workers=3
2025-11-06 10:57:51,996 INFO mch.training: [DEBUG-PARALLEL] Using multiprocessing context: spawn
2025-11-06 10:57:52,187 INFO mch.training: [DEBUG-PARALLEL] Submitting 7 training tasks...
2025-11-06 10:57:52,265 INFO mch.training: [DEBUG-PARALLEL] Submitting task 1/7: Neuroblastoma
2025-11-06 10:57:52,291 INFO mch.training: [DEBUG-PARALLEL] Task submitted for: Neuroblastoma
2025-11-06 10:57:52,459 INFO mch.training: [DEBUG-PARALLEL] Submitting task 2/7: Vascular/lymphatic anomalies
2025-11-06 10:57:55,059 INFO mch.training: [DEBUG-PARALLEL] Task submitted for: Vascular/lymphatic anomalies
2025-11-06 10:57:55,148 INFO mch.training: [DEBUG-PARALLEL] Submitting task 3/7: Haematological malignancy
2025-11-06 10:57:55,590 INFO mch.training: [DEBUG-PARALLEL] Task submitted for: Haematological malignancy
2025-11-06 10:57:55,839 INFO mch.training: [DEBUG-PARALLEL] Submitting task 4/7: Sarcoma
2025-11-06 10:57:55,893 INFO mch.training: [DEBUG-PARALLEL] Task submitted for: Sarcoma
2025-11-06 10:57:55,944 INFO mch.training: [DEBUG-PARALLEL] Submitting task 5/7: Solid tumour
2025-11-06 10:57:55,978 INFO mch.training: [DEBUG-PARALLEL] Task submitted for: Solid tumour
2025-11-06 10:57:56,024 INFO mch.training: [DEBUG-PARALLEL] Submitting task 6/7: Central nervous system
2025-11-06 10:57:56,071 INFO mch.training: [DEBUG-PARALLEL] Task submitted for: Central nervous system
2025-11-06 10:57:56,105 INFO mch.training: [DEBUG-PARALLEL] Submitting task 7/7: Overgrowth syndrome
2025-11-06 10:57:56,170 INFO mch.training: [DEBUG-PARALLEL] Task submitted for: Overgrowth syndrome
2025-11-06 10:57:56,229 INFO mch.training: [DEBUG-PARALLEL] All 7 training tasks submitted to executor
2025-11-06 10:57:56,256 INFO mch.training: [DEBUG-PARALLEL] Waiting for tasks to complete...
2025-11-06 11:19:59,996 INFO mch.training: ================================================================================
2025-11-06 11:19:59,997 INFO mch.training: PARALLELIZATION: Starting parallel training
2025-11-06 11:19:59,998 INFO mch.training: ================================================================================
2025-11-06 11:19:59,999 INFO mch.training: DATA ISOLATION: Splitting train/validation sets for entire tree
2025-11-06 11:20:00,000 INFO mch.training: Validation ratio: 0.20, Random seed: 42
2025-11-06 11:20:00,002 INFO mch.training: DATA ISOLATION: Train/validation split completed successfully
2025-11-06 11:20:00,003 INFO mch.training: ================================================================================
2025-11-06 11:20:00,004 INFO mch.training: PARALLELIZATION: Training 7 nodes using 3 parallel workers
2025-11-06 11:20:00,006 INFO mch.training: CPU cores available: 16
2025-11-06 11:20:00,006 INFO mch.training: Nodes to train: Neuroblastoma, Vascular/lymphatic anomalies, Haematological malignancy, Sarcoma, Solid tumour, Central nervous system, Overgrowth syndrome
2025-11-06 11:20:00,007 INFO mch.training: ================================================================================
2025-11-06 11:20:00,008 INFO mch.training: [DEBUG-PARALLEL] Creating ProcessPoolExecutor with max_workers=3
2025-11-06 11:20:00,009 INFO mch.training: [DEBUG-PARALLEL] Using multiprocessing context: spawn
2025-11-06 11:20:00,156 INFO mch.training: [DEBUG-PARALLEL] Submitting 7 training tasks...
2025-11-06 11:20:00,157 INFO mch.training: [DEBUG-PARALLEL] Submitting task 1/7: Neuroblastoma
2025-11-06 11:20:00,265 INFO mch.training: [DEBUG-PARALLEL] Task submitted for: Neuroblastoma
2025-11-06 11:20:00,367 INFO mch.training: [DEBUG-PARALLEL] Submitting task 2/7: Vascular/lymphatic anomalies
2025-11-06 11:20:01,057 INFO mch.training: [DEBUG-PARALLEL] Task submitted for: Vascular/lymphatic anomalies
2025-11-06 11:20:01,089 INFO mch.training: [DEBUG-PARALLEL] Submitting task 3/7: Haematological malignancy
2025-11-06 11:20:01,610 INFO mch.training: [DEBUG-PARALLEL] Task submitted for: Haematological malignancy
2025-11-06 11:20:01,638 INFO mch.training: [DEBUG-PARALLEL] Submitting task 4/7: Sarcoma
2025-11-06 11:20:01,665 INFO mch.training: [DEBUG-PARALLEL] Task submitted for: Sarcoma
2025-11-06 11:20:01,681 INFO mch.training: [DEBUG-PARALLEL] Submitting task 5/7: Solid tumour
2025-11-06 11:20:01,714 INFO mch.training: [DEBUG-PARALLEL] Task submitted for: Solid tumour
2025-11-06 11:20:01,763 INFO mch.training: [DEBUG-PARALLEL] Submitting task 6/7: Central nervous system
2025-11-06 11:20:01,842 INFO mch.training: [DEBUG-PARALLEL] Task submitted for: Central nervous system
2025-11-06 11:20:01,865 INFO mch.training: [DEBUG-PARALLEL] Submitting task 7/7: Overgrowth syndrome
2025-11-06 11:20:01,932 INFO mch.training: [DEBUG-PARALLEL] Task submitted for: Overgrowth syndrome
2025-11-06 11:20:01,965 INFO mch.training: [DEBUG-PARALLEL] All 7 training tasks submitted to executor
2025-11-06 11:20:01,976 INFO mch.training: [DEBUG-PARALLEL] Waiting for tasks to complete...
2025-11-06 11:20:53,707 INFO mch.training: [DEBUG-PARALLEL] Task completed 1/7: Neuroblastoma
2025-11-06 11:20:53,749 INFO mch.training: [DEBUG-PARALLEL] Getting result for Neuroblastoma...
2025-11-06 11:20:53,798 INFO mch.training: [DEBUG-PARALLEL] Result received for Neuroblastoma
2025-11-06 11:20:53,823 WARNING mch.training: [1/7] Neuroblastoma: SKIPPED (no data or insufficient samples)
2025-11-06 11:20:57,315 INFO mch.training: [DEBUG-PARALLEL] Task completed 2/7: Vascular/lymphatic anomalies
2025-11-06 11:20:57,316 INFO mch.training: [DEBUG-PARALLEL] Getting result for Vascular/lymphatic anomalies...
2025-11-06 11:20:57,317 INFO mch.training: [DEBUG-PARALLEL] Result received for Vascular/lymphatic anomalies
2025-11-06 11:20:57,319 WARNING mch.training: [2/7] Vascular/lymphatic anomalies: SKIPPED (no data or insufficient samples)
2025-11-06 11:21:31,564 INFO mch.training: [DEBUG-PARALLEL] Task completed 3/7: Haematological malignancy
2025-11-06 11:21:31,567 INFO mch.training: [DEBUG-PARALLEL] Getting result for Haematological malignancy...
2025-11-06 11:21:31,568 INFO mch.training: [DEBUG-PARALLEL] Result received for Haematological malignancy
2025-11-06 11:21:31,570 INFO mch.training: [3/7] Haematological malignancy: COMPLETED (acc=0.826)
2025-11-06 11:21:44,041 INFO mch.training: [DEBUG-PARALLEL] Task completed 4/7: Sarcoma
2025-11-06 11:21:44,058 INFO mch.training: [DEBUG-PARALLEL] Getting result for Sarcoma...
2025-11-06 11:21:44,106 INFO mch.training: [DEBUG-PARALLEL] Result received for Sarcoma
2025-11-06 11:21:44,144 INFO mch.training: [4/7] Sarcoma: COMPLETED (acc=0.125)
2025-11-06 11:21:57,448 INFO mch.training: [DEBUG-PARALLEL] Task completed 5/7: Solid tumour
2025-11-06 11:21:57,450 INFO mch.training: [DEBUG-PARALLEL] Getting result for Solid tumour...
2025-11-06 11:21:57,451 INFO mch.training: [DEBUG-PARALLEL] Result received for Solid tumour
2025-11-06 11:21:57,453 INFO mch.training: [5/7] Solid tumour: COMPLETED (acc=0.067)
2025-11-06 11:22:13,914 INFO mch.training: [DEBUG-PARALLEL] Task completed 6/7: Overgrowth syndrome
2025-11-06 11:22:13,915 INFO mch.training: [DEBUG-PARALLEL] Getting result for Overgrowth syndrome...
2025-11-06 11:22:13,916 INFO mch.training: [DEBUG-PARALLEL] Result received for Overgrowth syndrome
2025-11-06 11:22:13,917 WARNING mch.training: [6/7] Overgrowth syndrome: SKIPPED (no data or insufficient samples)
2025-11-06 11:22:16,970 INFO mch.training: [DEBUG-PARALLEL] Task completed 7/7: Central nervous system
2025-11-06 11:22:16,971 INFO mch.training: [DEBUG-PARALLEL] Getting result for Central nervous system...
2025-11-06 11:22:16,972 INFO mch.training: [DEBUG-PARALLEL] Result received for Central nervous system
2025-11-06 11:22:16,974 INFO mch.training: [7/7] Central nervous system: COMPLETED (acc=0.214)
2025-11-06 11:22:18,151 INFO mch.training: ================================================================================
2025-11-06 11:22:18,153 INFO mch.training: PARALLELIZATION: Training completed
2025-11-06 11:22:18,154 INFO mch.training: Total time: 138.14 seconds (2.30 minutes)
2025-11-06 11:22:18,155 INFO mch.training: Success: 4/7 nodes
2025-11-06 11:22:18,156 INFO mch.training: ================================================================================
2025-11-06 12:57:30,055 INFO mch.training: ================================================================================
2025-11-06 12:57:30,057 INFO mch.training: PARALLELIZATION: Starting parallel training
2025-11-06 12:57:30,058 INFO mch.training: ================================================================================
2025-11-06 12:57:30,059 INFO mch.training: DATA ISOLATION: Splitting train/validation sets for entire tree
2025-11-06 12:57:30,059 INFO mch.training: Validation ratio: 0.20, Random seed: 42
2025-11-06 12:57:30,065 INFO mch.training: DATA ISOLATION: Train/validation split completed successfully
2025-11-06 12:57:30,066 INFO mch.training: ================================================================================
2025-11-06 12:57:30,068 INFO mch.training: PARALLELIZATION: Training 7 nodes using 4 parallel workers
2025-11-06 12:57:30,070 INFO mch.training: CPU cores available: 16
2025-11-06 12:57:30,071 INFO mch.training: Nodes to train: Neuroblastoma, Vascular/lymphatic anomalies, Haematological malignancy, Sarcoma, Solid tumour, Central nervous system, Overgrowth syndrome
2025-11-06 12:57:30,072 INFO mch.training: ================================================================================
2025-11-06 12:57:30,073 INFO mch.training: [DEBUG-PARALLEL] Creating ProcessPoolExecutor with max_workers=4
2025-11-06 12:57:30,074 INFO mch.training: [DEBUG-PARALLEL] Using multiprocessing context: spawn
2025-11-06 12:57:30,076 INFO mch.training: [DEBUG-PARALLEL] Submitting 7 training tasks...
2025-11-06 12:57:30,077 INFO mch.training: [DEBUG-PARALLEL] Submitting task 1/7: Neuroblastoma
2025-11-06 12:57:30,340 INFO mch.training: [DEBUG-PARALLEL] Task submitted for: Neuroblastoma
2025-11-06 12:57:30,460 INFO mch.training: [DEBUG-PARALLEL] Submitting task 2/7: Vascular/lymphatic anomalies
2025-11-06 12:57:30,917 INFO mch.training: [DEBUG-PARALLEL] Task submitted for: Vascular/lymphatic anomalies
2025-11-06 12:57:31,389 INFO mch.training: [DEBUG-PARALLEL] Submitting task 3/7: Haematological malignancy
2025-11-06 12:57:31,599 INFO mch.training: [DEBUG-PARALLEL] Task submitted for: Haematological malignancy
2025-11-06 12:57:31,649 INFO mch.training: [DEBUG-PARALLEL] Submitting task 4/7: Sarcoma
2025-11-06 12:57:31,841 INFO mch.training: [DEBUG-PARALLEL] Task submitted for: Sarcoma
2025-11-06 12:57:31,911 INFO mch.training: [DEBUG-PARALLEL] Submitting task 5/7: Solid tumour
2025-11-06 12:57:31,954 INFO mch.training: [DEBUG-PARALLEL] Task submitted for: Solid tumour
2025-11-06 12:57:31,997 INFO mch.training: [DEBUG-PARALLEL] Submitting task 6/7: Central nervous system
2025-11-06 12:57:32,035 INFO mch.training: [DEBUG-PARALLEL] Task submitted for: Central nervous system
2025-11-06 12:57:32,058 INFO mch.training: [DEBUG-PARALLEL] Submitting task 7/7: Overgrowth syndrome
2025-11-06 12:57:32,090 INFO mch.training: [DEBUG-PARALLEL] Task submitted for: Overgrowth syndrome
2025-11-06 12:57:32,123 INFO mch.training: [DEBUG-PARALLEL] All 7 training tasks submitted to executor
2025-11-06 12:57:32,208 INFO mch.training: [DEBUG-PARALLEL] Waiting for tasks to complete...
2025-11-06 12:58:23,387 INFO mch.training: [DEBUG-PARALLEL] Task completed 1/7: Neuroblastoma
2025-11-06 12:58:23,414 INFO mch.training: [DEBUG-PARALLEL] Getting result for Neuroblastoma...
2025-11-06 12:58:23,473 INFO mch.training: [DEBUG-PARALLEL] Result received for Neuroblastoma
2025-11-06 12:58:23,490 WARNING mch.training: [1/7] Neuroblastoma: SKIPPED (no data or insufficient samples)
2025-11-06 12:58:24,426 INFO mch.training: [DEBUG-PARALLEL] Task completed 2/7: Vascular/lymphatic anomalies
2025-11-06 12:58:24,464 INFO mch.training: [DEBUG-PARALLEL] Getting result for Vascular/lymphatic anomalies...
2025-11-06 12:58:24,507 INFO mch.training: [DEBUG-PARALLEL] Result received for Vascular/lymphatic anomalies
2025-11-06 12:58:24,535 WARNING mch.training: [2/7] Vascular/lymphatic anomalies: SKIPPED (no data or insufficient samples)
2025-11-06 12:59:03,500 INFO mch.training: [DEBUG-PARALLEL] Task completed 3/7: Haematological malignancy
2025-11-06 12:59:03,518 INFO mch.training: [DEBUG-PARALLEL] Getting result for Haematological malignancy...
2025-11-06 12:59:03,550 INFO mch.training: [DEBUG-PARALLEL] Result received for Haematological malignancy
2025-11-06 12:59:03,593 INFO mch.training: [3/7] Haematological malignancy: COMPLETED (acc=0.826)
2025-11-06 12:59:19,784 INFO mch.training: [DEBUG-PARALLEL] Task completed 4/7: Sarcoma
2025-11-06 12:59:19,785 INFO mch.training: [DEBUG-PARALLEL] Getting result for Sarcoma...
2025-11-06 12:59:19,786 INFO mch.training: [DEBUG-PARALLEL] Result received for Sarcoma
2025-11-06 12:59:19,787 INFO mch.training: [4/7] Sarcoma: COMPLETED (acc=0.250)
2025-11-06 12:59:30,106 INFO mch.training: [DEBUG-PARALLEL] Task completed 5/7: Solid tumour
2025-11-06 12:59:30,107 INFO mch.training: [DEBUG-PARALLEL] Getting result for Solid tumour...
2025-11-06 12:59:30,109 INFO mch.training: [DEBUG-PARALLEL] Result received for Solid tumour
2025-11-06 12:59:30,109 INFO mch.training: [5/7] Solid tumour: COMPLETED (acc=0.133)
2025-11-06 12:59:37,048 INFO mch.training: [DEBUG-PARALLEL] Task completed 6/7: Overgrowth syndrome
2025-11-06 12:59:37,049 INFO mch.training: [DEBUG-PARALLEL] Getting result for Overgrowth syndrome...
2025-11-06 12:59:37,050 INFO mch.training: [DEBUG-PARALLEL] Result received for Overgrowth syndrome
2025-11-06 12:59:37,052 WARNING mch.training: [6/7] Overgrowth syndrome: SKIPPED (no data or insufficient samples)
2025-11-06 12:59:45,476 INFO mch.training: [DEBUG-PARALLEL] Task completed 7/7: Central nervous system
2025-11-06 12:59:45,477 INFO mch.training: [DEBUG-PARALLEL] Getting result for Central nervous system...
2025-11-06 12:59:45,478 INFO mch.training: [DEBUG-PARALLEL] Result received for Central nervous system
2025-11-06 12:59:45,479 INFO mch.training: [7/7] Central nervous system: COMPLETED (acc=0.179)
2025-11-06 12:59:46,953 INFO mch.training: ================================================================================
2025-11-06 12:59:46,954 INFO mch.training: PARALLELIZATION: Training completed
2025-11-06 12:59:46,955 INFO mch.training: Total time: 136.88 seconds (2.28 minutes)
2025-11-06 12:59:46,956 INFO mch.training: Success: 4/7 nodes
2025-11-06 12:59:46,958 INFO mch.training: ================================================================================
2025-11-06 13:08:24,949 INFO mch.training: ================================================================================
2025-11-06 13:08:24,950 INFO mch.training: PARALLELIZATION: Starting parallel training
2025-11-06 13:08:24,951 INFO mch.training: ================================================================================
2025-11-06 13:08:24,952 INFO mch.training: DATA ISOLATION: Splitting train/validation sets for entire tree
2025-11-06 13:08:24,954 INFO mch.training: Validation ratio: 0.20, Random seed: 42
2025-11-06 13:08:24,956 INFO mch.training: DATA ISOLATION: Train/validation split completed successfully
2025-11-06 13:08:24,957 INFO mch.training: ================================================================================
2025-11-06 13:08:24,957 INFO mch.training: PARALLELIZATION: Training 7 nodes using 4 parallel workers
2025-11-06 13:08:24,959 INFO mch.training: CPU cores available: 16
2025-11-06 13:08:24,960 INFO mch.training: Nodes to train: Neuroblastoma, Vascular/lymphatic anomalies, Haematological malignancy, Sarcoma, Solid tumour, Central nervous system, Overgrowth syndrome
2025-11-06 13:08:24,961 INFO mch.training: ================================================================================
2025-11-06 13:08:24,961 INFO mch.training: [DEBUG-PARALLEL] Creating ProcessPoolExecutor with max_workers=4
2025-11-06 13:08:24,964 INFO mch.training: [DEBUG-PARALLEL] Using multiprocessing context: spawn
2025-11-06 13:08:24,966 INFO mch.training: [DEBUG-PARALLEL] Submitting 7 training tasks...
2025-11-06 13:08:24,967 INFO mch.training: [DEBUG-PARALLEL] Submitting task 1/7: Neuroblastoma
2025-11-06 13:08:25,091 INFO mch.training: [DEBUG-PARALLEL] Task submitted for: Neuroblastoma
2025-11-06 13:08:25,202 INFO mch.training: [DEBUG-PARALLEL] Submitting task 2/7: Vascular/lymphatic anomalies
2025-11-06 13:08:26,015 INFO mch.training: [DEBUG-PARALLEL] Task submitted for: Vascular/lymphatic anomalies
2025-11-06 13:08:26,037 INFO mch.training: [DEBUG-PARALLEL] Submitting task 3/7: Haematological malignancy
2025-11-06 13:08:26,598 INFO mch.training: [DEBUG-PARALLEL] Task submitted for: Haematological malignancy
2025-11-06 13:08:26,620 INFO mch.training: [DEBUG-PARALLEL] Submitting task 4/7: Sarcoma
2025-11-06 13:08:26,815 INFO mch.training: [DEBUG-PARALLEL] Task submitted for: Sarcoma
2025-11-06 13:08:26,857 INFO mch.training: [DEBUG-PARALLEL] Submitting task 5/7: Solid tumour
2025-11-06 13:08:26,910 INFO mch.training: [DEBUG-PARALLEL] Task submitted for: Solid tumour
2025-11-06 13:08:26,952 INFO mch.training: [DEBUG-PARALLEL] Submitting task 6/7: Central nervous system
2025-11-06 13:08:26,996 INFO mch.training: [DEBUG-PARALLEL] Task submitted for: Central nervous system
2025-11-06 13:08:27,053 INFO mch.training: [DEBUG-PARALLEL] Submitting task 7/7: Overgrowth syndrome
2025-11-06 13:08:27,114 INFO mch.training: [DEBUG-PARALLEL] Task submitted for: Overgrowth syndrome
2025-11-06 13:08:27,151 INFO mch.training: [DEBUG-PARALLEL] All 7 training tasks submitted to executor
2025-11-06 13:08:27,223 INFO mch.training: [DEBUG-PARALLEL] Waiting for tasks to complete...
2025-11-06 13:09:19,218 INFO mch.training: [DEBUG-PARALLEL] Task completed 1/7: Neuroblastoma
2025-11-06 13:09:19,292 INFO mch.training: [DEBUG-PARALLEL] Getting result for Neuroblastoma...
2025-11-06 13:09:19,320 INFO mch.training: [DEBUG-PARALLEL] Result received for Neuroblastoma
2025-11-06 13:09:19,353 WARNING mch.training: [1/7] Neuroblastoma: SKIPPED (no data or insufficient samples)
2025-11-06 13:09:19,839 INFO mch.training: [DEBUG-PARALLEL] Task completed 2/7: Vascular/lymphatic anomalies
2025-11-06 13:09:19,861 INFO mch.training: [DEBUG-PARALLEL] Getting result for Vascular/lymphatic anomalies...
2025-11-06 13:09:19,903 INFO mch.training: [DEBUG-PARALLEL] Result received for Vascular/lymphatic anomalies
2025-11-06 13:09:19,920 WARNING mch.training: [2/7] Vascular/lymphatic anomalies: SKIPPED (no data or insufficient samples)
2025-11-06 13:10:09,768 INFO mch.training: [DEBUG-PARALLEL] Task completed 3/7: Haematological malignancy
2025-11-06 13:10:09,770 INFO mch.training: [DEBUG-PARALLEL] Getting result for Haematological malignancy...
2025-11-06 13:10:09,773 INFO mch.training: [DEBUG-PARALLEL] Result received for Haematological malignancy
2025-11-06 13:10:09,774 INFO mch.training: [3/7] Haematological malignancy: COMPLETED (acc=0.826)
2025-11-06 13:10:28,677 INFO mch.training: [DEBUG-PARALLEL] Task completed 4/7: Sarcoma
2025-11-06 13:10:28,679 INFO mch.training: [DEBUG-PARALLEL] Getting result for Sarcoma...
2025-11-06 13:10:28,680 INFO mch.training: [DEBUG-PARALLEL] Result received for Sarcoma
2025-11-06 13:10:28,681 INFO mch.training: [4/7] Sarcoma: COMPLETED (acc=0.250)
2025-11-06 13:10:36,471 INFO mch.training: [DEBUG-PARALLEL] Task completed 5/7: Solid tumour
2025-11-06 13:10:36,473 INFO mch.training: [DEBUG-PARALLEL] Getting result for Solid tumour...
2025-11-06 13:10:36,474 INFO mch.training: [DEBUG-PARALLEL] Result received for Solid tumour
2025-11-06 13:10:36,475 INFO mch.training: [5/7] Solid tumour: COMPLETED (acc=0.133)
2025-11-06 13:10:36,652 INFO mch.training: [DEBUG-PARALLEL] Task completed 6/7: Overgrowth syndrome
2025-11-06 13:10:36,654 INFO mch.training: [DEBUG-PARALLEL] Getting result for Overgrowth syndrome...
2025-11-06 13:10:36,655 INFO mch.training: [DEBUG-PARALLEL] Result received for Overgrowth syndrome
2025-11-06 13:10:36,655 WARNING mch.training: [6/7] Overgrowth syndrome: SKIPPED (no data or insufficient samples)
2025-11-06 13:10:53,725 INFO mch.training: [DEBUG-PARALLEL] Task completed 7/7: Central nervous system
2025-11-06 13:10:53,727 INFO mch.training: [DEBUG-PARALLEL] Getting result for Central nervous system...
2025-11-06 13:10:53,728 INFO mch.training: [DEBUG-PARALLEL] Result received for Central nervous system
2025-11-06 13:10:53,728 INFO mch.training: [7/7] Central nervous system: COMPLETED (acc=0.214)
2025-11-06 13:10:55,268 INFO mch.training: ================================================================================
2025-11-06 13:10:55,270 INFO mch.training: PARALLELIZATION: Training completed
2025-11-06 13:10:55,271 INFO mch.training: Total time: 150.31 seconds (2.51 minutes)
2025-11-06 13:10:55,272 INFO mch.training: Success: 4/7 nodes
2025-11-06 13:10:55,273 INFO mch.training: ================================================================================
2025-11-06 13:36:54,470 INFO mch.training: ================================================================================
2025-11-06 13:36:54,471 INFO mch.training: PARALLELIZATION: Starting parallel training
2025-11-06 13:36:54,472 INFO mch.training: ================================================================================
2025-11-06 13:36:54,473 INFO mch.training: DATA ISOLATION: Splitting train/validation sets for entire tree
2025-11-06 13:36:54,474 INFO mch.training: Validation ratio: 0.20, Random seed: 42
2025-11-06 13:36:54,476 INFO mch.training: DATA ISOLATION: Train/validation split completed successfully
2025-11-06 13:36:54,477 INFO mch.training: ================================================================================
2025-11-06 13:36:54,478 INFO mch.training: PARALLELIZATION: Training 7 nodes using 4 parallel workers
2025-11-06 13:36:54,479 INFO mch.training: CPU cores available: 16
2025-11-06 13:36:54,480 INFO mch.training: Nodes to train: Neuroblastoma, Vascular/lymphatic anomalies, Haematological malignancy, Sarcoma, Solid tumour, Central nervous system, Overgrowth syndrome
2025-11-06 13:36:54,481 INFO mch.training: ================================================================================
2025-11-06 13:36:54,482 INFO mch.training: [DEBUG-PARALLEL] Creating ProcessPoolExecutor with max_workers=4
2025-11-06 13:36:54,483 INFO mch.training: [DEBUG-PARALLEL] Using multiprocessing context: spawn
2025-11-06 13:36:54,485 INFO mch.training: [DEBUG-PARALLEL] Submitting 7 training tasks...
2025-11-06 13:36:54,486 INFO mch.training: [DEBUG-PARALLEL] Submitting task 1/7: Neuroblastoma
2025-11-06 13:36:54,634 INFO mch.training: [DEBUG-PARALLEL] Task submitted for: Neuroblastoma
2025-11-06 13:36:54,749 INFO mch.training: [DEBUG-PARALLEL] Submitting task 2/7: Vascular/lymphatic anomalies
2025-11-06 13:36:55,519 INFO mch.training: [DEBUG-PARALLEL] Task submitted for: Vascular/lymphatic anomalies
2025-11-06 13:36:55,546 INFO mch.training: [DEBUG-PARALLEL] Submitting task 3/7: Haematological malignancy
2025-11-06 13:36:55,996 INFO mch.training: [DEBUG-PARALLEL] Task submitted for: Haematological malignancy
2025-11-06 13:36:56,039 INFO mch.training: [DEBUG-PARALLEL] Submitting task 4/7: Sarcoma
2025-11-06 13:36:56,250 INFO mch.training: [DEBUG-PARALLEL] Task submitted for: Sarcoma
2025-11-06 13:36:56,299 INFO mch.training: [DEBUG-PARALLEL] Submitting task 5/7: Solid tumour
2025-11-06 13:36:56,332 INFO mch.training: [DEBUG-PARALLEL] Task submitted for: Solid tumour
2025-11-06 13:36:56,385 INFO mch.training: [DEBUG-PARALLEL] Submitting task 6/7: Central nervous system
2025-11-06 13:36:56,412 INFO mch.training: [DEBUG-PARALLEL] Task submitted for: Central nervous system
2025-11-06 13:36:56,434 INFO mch.training: [DEBUG-PARALLEL] Submitting task 7/7: Overgrowth syndrome
2025-11-06 13:36:56,487 INFO mch.training: [DEBUG-PARALLEL] Task submitted for: Overgrowth syndrome
2025-11-06 13:36:56,535 INFO mch.training: [DEBUG-PARALLEL] All 7 training tasks submitted to executor
2025-11-06 13:36:56,563 INFO mch.training: [DEBUG-PARALLEL] Waiting for tasks to complete...
2025-11-06 13:39:24,251 INFO mch.training: ================================================================================
2025-11-06 13:39:24,253 INFO mch.training: PARALLELIZATION: Starting parallel training
2025-11-06 13:39:24,254 INFO mch.training: ================================================================================
2025-11-06 13:39:24,255 INFO mch.training: DATA ISOLATION: Splitting train/validation sets for entire tree
2025-11-06 13:39:24,256 INFO mch.training: Validation ratio: 0.20, Random seed: 42
2025-11-06 13:39:24,258 INFO mch.training: DATA ISOLATION: Train/validation split completed successfully
2025-11-06 13:39:24,259 INFO mch.training: ================================================================================
2025-11-06 13:39:24,261 INFO mch.training: PARALLELIZATION: Training 7 nodes using 4 parallel workers
2025-11-06 13:39:24,262 INFO mch.training: CPU cores available: 16
2025-11-06 13:39:24,263 INFO mch.training: Nodes to train: Neuroblastoma, Vascular/lymphatic anomalies, Haematological malignancy, Sarcoma, Solid tumour, Central nervous system, Overgrowth syndrome
2025-11-06 13:39:24,264 INFO mch.training: ================================================================================
2025-11-06 13:39:24,264 INFO mch.training: [DEBUG-PARALLEL] Creating ProcessPoolExecutor with max_workers=4
2025-11-06 13:39:24,266 INFO mch.training: [DEBUG-PARALLEL] Using multiprocessing context: spawn
2025-11-06 13:39:24,268 INFO mch.training: [DEBUG-PARALLEL] Submitting 7 training tasks...
2025-11-06 13:39:24,273 INFO mch.training: [DEBUG-PARALLEL] Submitting task 1/7: Neuroblastoma
2025-11-06 13:39:24,401 INFO mch.training: [DEBUG-PARALLEL] Task submitted for: Neuroblastoma
2025-11-06 13:39:24,512 INFO mch.training: [DEBUG-PARALLEL] Submitting task 2/7: Vascular/lymphatic anomalies
2025-11-06 13:39:24,917 INFO mch.training: [DEBUG-PARALLEL] Task submitted for: Vascular/lymphatic anomalies
2025-11-06 13:39:24,950 INFO mch.training: [DEBUG-PARALLEL] Submitting task 3/7: Haematological malignancy
2025-11-06 13:39:25,397 INFO mch.training: [DEBUG-PARALLEL] Task submitted for: Haematological malignancy
2025-11-06 13:39:25,429 INFO mch.training: [DEBUG-PARALLEL] Submitting task 4/7: Sarcoma
2025-11-06 13:39:26,054 INFO mch.training: [DEBUG-PARALLEL] Task submitted for: Sarcoma
2025-11-06 13:39:26,123 INFO mch.training: [DEBUG-PARALLEL] Submitting task 5/7: Solid tumour
2025-11-06 13:39:26,181 INFO mch.training: [DEBUG-PARALLEL] Task submitted for: Solid tumour
2025-11-06 13:39:26,260 INFO mch.training: [DEBUG-PARALLEL] Submitting task 6/7: Central nervous system
2025-11-06 13:39:26,293 INFO mch.training: [DEBUG-PARALLEL] Task submitted for: Central nervous system
2025-11-06 13:39:26,339 INFO mch.training: [DEBUG-PARALLEL] Submitting task 7/7: Overgrowth syndrome
2025-11-06 13:39:26,383 INFO mch.training: [DEBUG-PARALLEL] Task submitted for: Overgrowth syndrome
2025-11-06 13:39:26,431 INFO mch.training: [DEBUG-PARALLEL] All 7 training tasks submitted to executor
2025-11-06 13:39:26,473 INFO mch.training: [DEBUG-PARALLEL] Waiting for tasks to complete...
2025-11-06 13:40:17,903 INFO mch.training: [DEBUG-PARALLEL] Task completed 1/7: Neuroblastoma
2025-11-06 13:40:17,945 INFO mch.training: [DEBUG-PARALLEL] Getting result for Neuroblastoma...
2025-11-06 13:40:17,998 INFO mch.training: [DEBUG-PARALLEL] Result received for Neuroblastoma
2025-11-06 13:40:18,031 WARNING mch.training: [1/7] Neuroblastoma: SKIPPED (no data or insufficient samples)
2025-11-06 13:40:19,251 INFO mch.training: [DEBUG-PARALLEL] Task completed 2/7: Vascular/lymphatic anomalies
2025-11-06 13:40:19,283 INFO mch.training: [DEBUG-PARALLEL] Getting result for Vascular/lymphatic anomalies...
2025-11-06 13:40:19,321 INFO mch.training: [DEBUG-PARALLEL] Result received for Vascular/lymphatic anomalies
2025-11-06 13:40:19,353 WARNING mch.training: [2/7] Vascular/lymphatic anomalies: SKIPPED (no data or insufficient samples)
2025-11-06 13:41:08,381 INFO mch.training: [DEBUG-PARALLEL] Task completed 3/7: Haematological malignancy
2025-11-06 13:41:08,383 INFO mch.training: [DEBUG-PARALLEL] Getting result for Haematological malignancy...
2025-11-06 13:41:08,386 INFO mch.training: [DEBUG-PARALLEL] Result received for Haematological malignancy
2025-11-06 13:41:08,387 INFO mch.training: [3/7] Haematological malignancy: COMPLETED (acc=0.826)
2025-11-06 13:41:26,921 INFO mch.training: [DEBUG-PARALLEL] Task completed 4/7: Sarcoma
2025-11-06 13:41:26,923 INFO mch.training: [DEBUG-PARALLEL] Getting result for Sarcoma...
2025-11-06 13:41:26,924 INFO mch.training: [DEBUG-PARALLEL] Result received for Sarcoma
2025-11-06 13:41:26,924 INFO mch.training: [4/7] Sarcoma: COMPLETED (acc=0.250)
2025-11-06 13:41:34,811 INFO mch.training: [DEBUG-PARALLEL] Task completed 5/7: Overgrowth syndrome
2025-11-06 13:41:34,813 INFO mch.training: [DEBUG-PARALLEL] Getting result for Overgrowth syndrome...
2025-11-06 13:41:34,814 INFO mch.training: [DEBUG-PARALLEL] Result received for Overgrowth syndrome
2025-11-06 13:41:34,815 WARNING mch.training: [5/7] Overgrowth syndrome: SKIPPED (no data or insufficient samples)
2025-11-06 13:41:35,978 INFO mch.training: [DEBUG-PARALLEL] Task completed 6/7: Solid tumour
2025-11-06 13:41:35,979 INFO mch.training: [DEBUG-PARALLEL] Getting result for Solid tumour...
2025-11-06 13:41:35,981 INFO mch.training: [DEBUG-PARALLEL] Result received for Solid tumour
2025-11-06 13:41:35,982 INFO mch.training: [6/7] Solid tumour: COMPLETED (acc=0.133)
2025-11-06 13:41:52,847 INFO mch.training: [DEBUG-PARALLEL] Task completed 7/7: Central nervous system
2025-11-06 13:41:52,849 INFO mch.training: [DEBUG-PARALLEL] Getting result for Central nervous system...
2025-11-06 13:41:52,850 INFO mch.training: [DEBUG-PARALLEL] Result received for Central nervous system
2025-11-06 13:41:52,851 INFO mch.training: [7/7] Central nervous system: COMPLETED (acc=0.214)
2025-11-06 13:41:54,375 INFO mch.training: ================================================================================
2025-11-06 13:41:54,376 INFO mch.training: PARALLELIZATION: Training completed
2025-11-06 13:41:54,377 INFO mch.training: Total time: 150.11 seconds (2.50 minutes)
2025-11-06 13:41:54,377 INFO mch.training: Success: 4/7 nodes
2025-11-06 13:41:54,379 INFO mch.training: ================================================================================
2025-11-06 14:06:55,361 INFO mch.training: ================================================================================
2025-11-06 14:06:55,362 INFO mch.training: DATA ISOLATION: Splitting train/validation sets for entire tree
2025-11-06 14:06:55,363 INFO mch.training: Validation ratio: 0.20, Random seed: 42
2025-11-06 14:06:55,364 INFO mch.training: ================================================================================
2025-11-06 14:06:55,366 INFO mch.training: DATA ISOLATION: Train/validation split completed successfully
2025-11-06 14:06:55,367 INFO mch.training: Training model for node: Neuroblastoma
2025-11-06 14:07:12,829 INFO mch.training: Training model for node: Vascular/lymphatic anomalies
2025-11-06 14:07:19,543 INFO mch.training: Training model for node: Haematological malignancy
2025-11-06 14:07:34,754 INFO mch.training: Prefilter start: input shape=(108,600118), candidates=600117, topk=2000, scan_max=50000, chunk_size=1000
2025-11-06 14:07:35,141 INFO mch.training: Prefilter progress: scanned 1000/50000 columns
2025-11-06 14:07:35,470 INFO mch.training: Prefilter progress: scanned 2000/50000 columns
2025-11-06 14:07:35,805 INFO mch.training: Prefilter progress: scanned 3000/50000 columns
2025-11-06 14:07:36,143 INFO mch.training: Prefilter progress: scanned 4000/50000 columns
2025-11-06 14:07:36,503 INFO mch.training: Prefilter progress: scanned 5000/50000 columns
2025-11-06 14:07:36,839 INFO mch.training: Prefilter progress: scanned 6000/50000 columns
2025-11-06 14:07:37,194 INFO mch.training: Prefilter progress: scanned 7000/50000 columns
2025-11-06 14:07:37,541 INFO mch.training: Prefilter progress: scanned 8000/50000 columns
2025-11-06 14:07:37,880 INFO mch.training: Prefilter progress: scanned 9000/50000 columns
2025-11-06 14:07:38,232 INFO mch.training: Prefilter progress: scanned 10000/50000 columns
2025-11-06 14:07:38,589 INFO mch.training: Prefilter progress: scanned 11000/50000 columns
2025-11-06 14:07:38,936 INFO mch.training: Prefilter progress: scanned 12000/50000 columns
2025-11-06 14:07:39,296 INFO mch.training: Prefilter progress: scanned 13000/50000 columns
2025-11-06 14:07:39,639 INFO mch.training: Prefilter progress: scanned 14000/50000 columns
2025-11-06 14:07:39,978 INFO mch.training: Prefilter progress: scanned 15000/50000 columns
2025-11-06 14:07:40,329 INFO mch.training: Prefilter progress: scanned 16000/50000 columns
2025-11-06 14:07:40,672 INFO mch.training: Prefilter progress: scanned 17000/50000 columns
2025-11-06 14:07:41,004 INFO mch.training: Prefilter progress: scanned 18000/50000 columns
2025-11-06 14:07:41,329 INFO mch.training: Prefilter progress: scanned 19000/50000 columns
2025-11-06 14:07:41,650 INFO mch.training: Prefilter progress: scanned 20000/50000 columns
2025-11-06 14:07:41,982 INFO mch.training: Prefilter progress: scanned 21000/50000 columns
2025-11-06 14:07:42,306 INFO mch.training: Prefilter progress: scanned 22000/50000 columns
2025-11-06 14:07:42,623 INFO mch.training: Prefilter progress: scanned 23000/50000 columns
2025-11-06 14:07:42,940 INFO mch.training: Prefilter progress: scanned 24000/50000 columns
2025-11-06 14:07:43,285 INFO mch.training: Prefilter progress: scanned 25000/50000 columns
2025-11-06 14:07:43,634 INFO mch.training: Prefilter progress: scanned 26000/50000 columns
2025-11-06 14:07:43,949 INFO mch.training: Prefilter progress: scanned 27000/50000 columns
2025-11-06 14:07:44,284 INFO mch.training: Prefilter progress: scanned 28000/50000 columns
2025-11-06 14:07:44,613 INFO mch.training: Prefilter progress: scanned 29000/50000 columns
2025-11-06 14:07:44,941 INFO mch.training: Prefilter progress: scanned 30000/50000 columns
2025-11-06 14:07:45,268 INFO mch.training: Prefilter progress: scanned 31000/50000 columns
2025-11-06 14:07:45,594 INFO mch.training: Prefilter progress: scanned 32000/50000 columns
2025-11-06 14:07:45,933 INFO mch.training: Prefilter progress: scanned 33000/50000 columns
2025-11-06 14:07:46,258 INFO mch.training: Prefilter progress: scanned 34000/50000 columns
2025-11-06 14:07:46,590 INFO mch.training: Prefilter progress: scanned 35000/50000 columns
2025-11-06 14:07:46,919 INFO mch.training: Prefilter progress: scanned 36000/50000 columns
2025-11-06 14:07:47,250 INFO mch.training: Prefilter progress: scanned 37000/50000 columns
2025-11-06 14:07:47,589 INFO mch.training: Prefilter progress: scanned 38000/50000 columns
2025-11-06 14:07:47,924 INFO mch.training: Prefilter progress: scanned 39000/50000 columns
2025-11-06 14:07:48,257 INFO mch.training: Prefilter progress: scanned 40000/50000 columns
2025-11-06 14:07:48,604 INFO mch.training: Prefilter progress: scanned 41000/50000 columns
2025-11-06 14:07:48,936 INFO mch.training: Prefilter progress: scanned 42000/50000 columns
2025-11-06 14:07:49,264 INFO mch.training: Prefilter progress: scanned 43000/50000 columns
2025-11-06 14:07:49,591 INFO mch.training: Prefilter progress: scanned 44000/50000 columns
2025-11-06 14:07:49,934 INFO mch.training: Prefilter progress: scanned 45000/50000 columns
2025-11-06 14:07:50,257 INFO mch.training: Prefilter progress: scanned 46000/50000 columns
2025-11-06 14:07:50,585 INFO mch.training: Prefilter progress: scanned 47000/50000 columns
2025-11-06 14:07:50,908 INFO mch.training: Prefilter progress: scanned 48000/50000 columns
2025-11-06 14:07:51,239 INFO mch.training: Prefilter progress: scanned 49000/50000 columns
2025-11-06 14:07:51,559 INFO mch.training: Prefilter progress: scanned 50000/50000 columns
2025-11-06 14:07:51,998 INFO mch.training: Prefilter done: kept 2000 features
2025-11-06 14:07:52,072 WARNING mch.training: Drop rare classes (<2 samples): Histiocytosis
2025-11-06 14:07:52,075 INFO mch.training: DATA ISOLATION: Using predefined split - train: 333, validation: 88 samples
2025-11-06 14:07:52,079 INFO mch.training: Train/Test shapes: X_train=(69, 2000), X_test=(23, 2000)
2025-11-06 14:07:52,080 INFO mch.training: DM disabled
2025-11-06 14:07:52,081 INFO mch.training: Pipeline steps: ['modelGeneration']
2025-11-06 14:07:52,082 WARNING mch.training: parameter_grid is None/empty, fit pipeline without grid search
2025-11-06 14:08:06,536 INFO mch.training: Test accuracy: 0.8261, macro_f1: 0.4524, weighted_f1: 0.7474
2025-11-06 14:08:06,544 INFO mch.training: Model trained for Haematological malignancy, not saved
2025-11-06 14:08:06,545 INFO mch.training: Training model for node: Sarcoma
2025-11-06 14:08:21,782 INFO mch.training: Prefilter start: input shape=(80,600118), candidates=600117, topk=2000, scan_max=50000, chunk_size=1000
2025-11-06 14:08:22,251 INFO mch.training: Prefilter progress: scanned 1000/50000 columns
2025-11-06 14:08:22,673 INFO mch.training: Prefilter progress: scanned 2000/50000 columns
2025-11-06 14:08:23,113 INFO mch.training: Prefilter progress: scanned 3000/50000 columns
2025-11-06 14:08:23,534 INFO mch.training: Prefilter progress: scanned 4000/50000 columns
2025-11-06 14:08:23,980 INFO mch.training: Prefilter progress: scanned 5000/50000 columns
2025-11-06 14:08:24,415 INFO mch.training: Prefilter progress: scanned 6000/50000 columns
2025-11-06 14:08:24,840 INFO mch.training: Prefilter progress: scanned 7000/50000 columns
2025-11-06 14:08:25,273 INFO mch.training: Prefilter progress: scanned 8000/50000 columns
2025-11-06 14:08:25,745 INFO mch.training: Prefilter progress: scanned 9000/50000 columns
2025-11-06 14:08:26,176 INFO mch.training: Prefilter progress: scanned 10000/50000 columns
2025-11-06 14:08:26,637 INFO mch.training: Prefilter progress: scanned 11000/50000 columns
2025-11-06 14:08:27,075 INFO mch.training: Prefilter progress: scanned 12000/50000 columns
2025-11-06 14:08:27,518 INFO mch.training: Prefilter progress: scanned 13000/50000 columns
2025-11-06 14:08:27,940 INFO mch.training: Prefilter progress: scanned 14000/50000 columns
2025-11-06 14:08:28,368 INFO mch.training: Prefilter progress: scanned 15000/50000 columns
2025-11-06 14:08:28,804 INFO mch.training: Prefilter progress: scanned 16000/50000 columns
2025-11-06 14:08:29,209 INFO mch.training: Prefilter progress: scanned 17000/50000 columns
2025-11-06 14:08:29,631 INFO mch.training: Prefilter progress: scanned 18000/50000 columns
2025-11-06 14:08:30,055 INFO mch.training: Prefilter progress: scanned 19000/50000 columns
2025-11-06 14:08:30,466 INFO mch.training: Prefilter progress: scanned 20000/50000 columns
2025-11-06 14:08:30,870 INFO mch.training: Prefilter progress: scanned 21000/50000 columns
2025-11-06 14:08:31,281 INFO mch.training: Prefilter progress: scanned 22000/50000 columns
2025-11-06 14:08:31,688 INFO mch.training: Prefilter progress: scanned 23000/50000 columns
2025-11-06 14:08:32,103 INFO mch.training: Prefilter progress: scanned 24000/50000 columns
2025-11-06 14:08:32,507 INFO mch.training: Prefilter progress: scanned 25000/50000 columns
2025-11-06 14:08:32,906 INFO mch.training: Prefilter progress: scanned 26000/50000 columns
2025-11-06 14:08:33,313 INFO mch.training: Prefilter progress: scanned 27000/50000 columns
2025-11-06 14:08:33,709 INFO mch.training: Prefilter progress: scanned 28000/50000 columns
2025-11-06 14:08:34,123 INFO mch.training: Prefilter progress: scanned 29000/50000 columns
2025-11-06 14:08:34,525 INFO mch.training: Prefilter progress: scanned 30000/50000 columns
2025-11-06 14:08:34,944 INFO mch.training: Prefilter progress: scanned 31000/50000 columns
2025-11-06 14:08:35,344 INFO mch.training: Prefilter progress: scanned 32000/50000 columns
2025-11-06 14:08:35,753 INFO mch.training: Prefilter progress: scanned 33000/50000 columns
2025-11-06 14:08:36,149 INFO mch.training: Prefilter progress: scanned 34000/50000 columns
2025-11-06 14:08:36,551 INFO mch.training: Prefilter progress: scanned 35000/50000 columns
2025-11-06 14:08:36,972 INFO mch.training: Prefilter progress: scanned 36000/50000 columns
2025-11-06 14:08:37,386 INFO mch.training: Prefilter progress: scanned 37000/50000 columns
2025-11-06 14:08:37,794 INFO mch.training: Prefilter progress: scanned 38000/50000 columns
2025-11-06 14:08:38,202 INFO mch.training: Prefilter progress: scanned 39000/50000 columns
2025-11-06 14:08:38,606 INFO mch.training: Prefilter progress: scanned 40000/50000 columns
2025-11-06 14:08:39,021 INFO mch.training: Prefilter progress: scanned 41000/50000 columns
2025-11-06 14:08:39,455 INFO mch.training: Prefilter progress: scanned 42000/50000 columns
2025-11-06 14:08:39,873 INFO mch.training: Prefilter progress: scanned 43000/50000 columns
2025-11-06 14:08:40,274 INFO mch.training: Prefilter progress: scanned 44000/50000 columns
2025-11-06 14:08:40,678 INFO mch.training: Prefilter progress: scanned 45000/50000 columns
2025-11-06 14:08:41,082 INFO mch.training: Prefilter progress: scanned 46000/50000 columns
2025-11-06 14:08:41,502 INFO mch.training: Prefilter progress: scanned 47000/50000 columns
2025-11-06 14:08:41,916 INFO mch.training: Prefilter progress: scanned 48000/50000 columns
2025-11-06 14:08:42,331 INFO mch.training: Prefilter progress: scanned 49000/50000 columns
2025-11-06 14:08:42,734 INFO mch.training: Prefilter progress: scanned 50000/50000 columns
2025-11-06 14:08:43,251 INFO mch.training: Prefilter done: kept 2000 features
2025-11-06 14:08:43,316 WARNING mch.training: Drop rare classes (<2 samples): Liver tumour, Sarcoma
2025-11-06 14:08:43,319 INFO mch.training: DATA ISOLATION: Using predefined split - train: 311, validation: 88 samples
2025-11-06 14:08:43,323 INFO mch.training: Train/Test shapes: X_train=(62, 2000), X_test=(16, 2000)
2025-11-06 14:08:43,324 INFO mch.training: DM disabled
2025-11-06 14:08:43,325 INFO mch.training: Pipeline steps: ['modelGeneration']
2025-11-06 14:08:43,326 WARNING mch.training: parameter_grid is None/empty, fit pipeline without grid search
2025-11-06 14:08:58,150 INFO mch.training: Test accuracy: 0.2500, macro_f1: 0.2270, weighted_f1: 0.2373
2025-11-06 14:08:58,156 INFO mch.training: Model trained for Sarcoma, not saved
2025-11-06 14:08:58,157 INFO mch.training: Training model for node: Solid tumour
2025-11-06 14:09:14,365 INFO mch.training: Prefilter start: input shape=(48,600118), candidates=600117, topk=2000, scan_max=50000, chunk_size=1000
2025-11-06 14:09:14,798 INFO mch.training: Prefilter progress: scanned 1000/50000 columns
2025-11-06 14:09:15,213 INFO mch.training: Prefilter progress: scanned 2000/50000 columns
2025-11-06 14:09:15,636 INFO mch.training: Prefilter progress: scanned 3000/50000 columns
2025-11-06 14:09:16,054 INFO mch.training: Prefilter progress: scanned 4000/50000 columns
2025-11-06 14:09:16,518 INFO mch.training: Prefilter progress: scanned 5000/50000 columns
2025-11-06 14:09:17,012 INFO mch.training: Prefilter progress: scanned 6000/50000 columns
2025-11-06 14:09:17,489 INFO mch.training: Prefilter progress: scanned 7000/50000 columns
2025-11-06 14:09:17,901 INFO mch.training: Prefilter progress: scanned 8000/50000 columns
2025-11-06 14:09:18,306 INFO mch.training: Prefilter progress: scanned 9000/50000 columns
2025-11-06 14:09:18,711 INFO mch.training: Prefilter progress: scanned 10000/50000 columns
2025-11-06 14:09:19,121 INFO mch.training: Prefilter progress: scanned 11000/50000 columns
2025-11-06 14:09:19,580 INFO mch.training: Prefilter progress: scanned 12000/50000 columns
2025-11-06 14:09:19,991 INFO mch.training: Prefilter progress: scanned 13000/50000 columns
2025-11-06 14:09:20,391 INFO mch.training: Prefilter progress: scanned 14000/50000 columns
2025-11-06 14:09:20,799 INFO mch.training: Prefilter progress: scanned 15000/50000 columns
2025-11-06 14:09:21,187 INFO mch.training: Prefilter progress: scanned 16000/50000 columns
2025-11-06 14:09:21,582 INFO mch.training: Prefilter progress: scanned 17000/50000 columns
2025-11-06 14:09:21,981 INFO mch.training: Prefilter progress: scanned 18000/50000 columns
2025-11-06 14:09:22,374 INFO mch.training: Prefilter progress: scanned 19000/50000 columns
2025-11-06 14:09:22,787 INFO mch.training: Prefilter progress: scanned 20000/50000 columns
2025-11-06 14:09:23,190 INFO mch.training: Prefilter progress: scanned 21000/50000 columns
2025-11-06 14:09:23,583 INFO mch.training: Prefilter progress: scanned 22000/50000 columns
2025-11-06 14:09:23,970 INFO mch.training: Prefilter progress: scanned 23000/50000 columns
2025-11-06 14:09:24,372 INFO mch.training: Prefilter progress: scanned 24000/50000 columns
2025-11-06 14:09:24,778 INFO mch.training: Prefilter progress: scanned 25000/50000 columns
2025-11-06 14:09:25,156 INFO mch.training: Prefilter progress: scanned 26000/50000 columns
2025-11-06 14:09:25,533 INFO mch.training: Prefilter progress: scanned 27000/50000 columns
2025-11-06 14:09:25,906 INFO mch.training: Prefilter progress: scanned 28000/50000 columns
2025-11-06 14:09:26,296 INFO mch.training: Prefilter progress: scanned 29000/50000 columns
2025-11-06 14:09:26,671 INFO mch.training: Prefilter progress: scanned 30000/50000 columns
2025-11-06 14:09:27,049 INFO mch.training: Prefilter progress: scanned 31000/50000 columns
2025-11-06 14:09:27,450 INFO mch.training: Prefilter progress: scanned 32000/50000 columns
2025-11-06 14:09:27,840 INFO mch.training: Prefilter progress: scanned 33000/50000 columns
2025-11-06 14:09:28,226 INFO mch.training: Prefilter progress: scanned 34000/50000 columns
2025-11-06 14:09:28,612 INFO mch.training: Prefilter progress: scanned 35000/50000 columns
2025-11-06 14:09:28,996 INFO mch.training: Prefilter progress: scanned 36000/50000 columns
2025-11-06 14:09:29,385 INFO mch.training: Prefilter progress: scanned 37000/50000 columns
2025-11-06 14:09:29,772 INFO mch.training: Prefilter progress: scanned 38000/50000 columns
2025-11-06 14:09:30,186 INFO mch.training: Prefilter progress: scanned 39000/50000 columns
2025-11-06 14:09:30,562 INFO mch.training: Prefilter progress: scanned 40000/50000 columns
2025-11-06 14:09:30,947 INFO mch.training: Prefilter progress: scanned 41000/50000 columns
2025-11-06 14:09:31,344 INFO mch.training: Prefilter progress: scanned 42000/50000 columns
2025-11-06 14:09:31,730 INFO mch.training: Prefilter progress: scanned 43000/50000 columns
2025-11-06 14:09:32,111 INFO mch.training: Prefilter progress: scanned 44000/50000 columns
2025-11-06 14:09:32,494 INFO mch.training: Prefilter progress: scanned 45000/50000 columns
2025-11-06 14:09:32,876 INFO mch.training: Prefilter progress: scanned 46000/50000 columns
2025-11-06 14:09:33,257 INFO mch.training: Prefilter progress: scanned 47000/50000 columns
2025-11-06 14:09:33,648 INFO mch.training: Prefilter progress: scanned 48000/50000 columns
2025-11-06 14:09:34,031 INFO mch.training: Prefilter progress: scanned 49000/50000 columns
2025-11-06 14:09:34,420 INFO mch.training: Prefilter progress: scanned 50000/50000 columns
2025-11-06 14:09:34,915 INFO mch.training: Prefilter done: kept 2000 features
2025-11-06 14:09:34,975 INFO mch.training: DATA ISOLATION: Using predefined split - train: 133, validation: 75 samples
2025-11-06 14:09:34,978 INFO mch.training: Train/Test shapes: X_train=(31, 2000), X_test=(15, 2000)
2025-11-06 14:09:34,979 INFO mch.training: DM disabled
2025-11-06 14:09:34,980 INFO mch.training: Pipeline steps: ['modelGeneration']
2025-11-06 14:09:34,981 WARNING mch.training: parameter_grid is None/empty, fit pipeline without grid search
2025-11-06 14:09:49,808 INFO mch.training: Test accuracy: 0.1333, macro_f1: 0.1111, weighted_f1: 0.1333
2025-11-06 14:09:49,815 INFO mch.training: Model trained for Solid tumour, not saved
2025-11-06 14:09:49,816 INFO mch.training: Training model for node: Central nervous system
2025-11-06 14:10:06,718 INFO mch.training: Prefilter start: input shape=(129,600118), candidates=600117, topk=2000, scan_max=50000, chunk_size=1000
2025-11-06 14:10:07,191 INFO mch.training: Prefilter progress: scanned 1000/50000 columns
2025-11-06 14:10:07,632 INFO mch.training: Prefilter progress: scanned 2000/50000 columns
2025-11-06 14:10:08,107 INFO mch.training: Prefilter progress: scanned 3000/50000 columns
2025-11-06 14:10:08,554 INFO mch.training: Prefilter progress: scanned 4000/50000 columns
2025-11-06 14:10:09,000 INFO mch.training: Prefilter progress: scanned 5000/50000 columns
2025-11-06 14:10:09,451 INFO mch.training: Prefilter progress: scanned 6000/50000 columns
2025-11-06 14:10:09,932 INFO mch.training: Prefilter progress: scanned 7000/50000 columns
2025-11-06 14:10:10,367 INFO mch.training: Prefilter progress: scanned 8000/50000 columns
2025-11-06 14:10:10,882 INFO mch.training: Prefilter progress: scanned 9000/50000 columns
2025-11-06 14:10:11,332 INFO mch.training: Prefilter progress: scanned 10000/50000 columns
2025-11-06 14:10:11,768 INFO mch.training: Prefilter progress: scanned 11000/50000 columns
2025-11-06 14:10:12,198 INFO mch.training: Prefilter progress: scanned 12000/50000 columns
2025-11-06 14:10:12,619 INFO mch.training: Prefilter progress: scanned 13000/50000 columns
2025-11-06 14:10:13,043 INFO mch.training: Prefilter progress: scanned 14000/50000 columns
2025-11-06 14:10:13,458 INFO mch.training: Prefilter progress: scanned 15000/50000 columns
2025-11-06 14:10:13,862 INFO mch.training: Prefilter progress: scanned 16000/50000 columns
2025-11-06 14:10:14,273 INFO mch.training: Prefilter progress: scanned 17000/50000 columns
2025-11-06 14:10:14,712 INFO mch.training: Prefilter progress: scanned 18000/50000 columns
2025-11-06 14:10:15,127 INFO mch.training: Prefilter progress: scanned 19000/50000 columns
2025-11-06 14:10:15,539 INFO mch.training: Prefilter progress: scanned 20000/50000 columns
2025-11-06 14:10:15,955 INFO mch.training: Prefilter progress: scanned 21000/50000 columns
2025-11-06 14:10:16,369 INFO mch.training: Prefilter progress: scanned 22000/50000 columns
2025-11-06 14:10:16,787 INFO mch.training: Prefilter progress: scanned 23000/50000 columns
2025-11-06 14:10:17,197 INFO mch.training: Prefilter progress: scanned 24000/50000 columns
2025-11-06 14:10:17,604 INFO mch.training: Prefilter progress: scanned 25000/50000 columns
2025-11-06 14:10:18,013 INFO mch.training: Prefilter progress: scanned 26000/50000 columns
2025-11-06 14:10:18,433 INFO mch.training: Prefilter progress: scanned 27000/50000 columns
2025-11-06 14:10:18,859 INFO mch.training: Prefilter progress: scanned 28000/50000 columns
2025-11-06 14:10:19,281 INFO mch.training: Prefilter progress: scanned 29000/50000 columns
2025-11-06 14:10:19,711 INFO mch.training: Prefilter progress: scanned 30000/50000 columns
2025-11-06 14:10:20,116 INFO mch.training: Prefilter progress: scanned 31000/50000 columns
2025-11-06 14:10:20,529 INFO mch.training: Prefilter progress: scanned 32000/50000 columns
2025-11-06 14:10:20,937 INFO mch.training: Prefilter progress: scanned 33000/50000 columns
2025-11-06 14:10:21,353 INFO mch.training: Prefilter progress: scanned 34000/50000 columns
2025-11-06 14:10:21,761 INFO mch.training: Prefilter progress: scanned 35000/50000 columns
2025-11-06 14:10:22,180 INFO mch.training: Prefilter progress: scanned 36000/50000 columns
2025-11-06 14:10:22,586 INFO mch.training: Prefilter progress: scanned 37000/50000 columns
2025-11-06 14:10:22,999 INFO mch.training: Prefilter progress: scanned 38000/50000 columns
2025-11-06 14:10:23,409 INFO mch.training: Prefilter progress: scanned 39000/50000 columns
2025-11-06 14:10:23,821 INFO mch.training: Prefilter progress: scanned 40000/50000 columns
2025-11-06 14:10:24,232 INFO mch.training: Prefilter progress: scanned 41000/50000 columns
2025-11-06 14:10:24,632 INFO mch.training: Prefilter progress: scanned 42000/50000 columns
2025-11-06 14:10:25,036 INFO mch.training: Prefilter progress: scanned 43000/50000 columns
2025-11-06 14:10:25,438 INFO mch.training: Prefilter progress: scanned 44000/50000 columns
2025-11-06 14:10:25,841 INFO mch.training: Prefilter progress: scanned 45000/50000 columns
2025-11-06 14:10:26,239 INFO mch.training: Prefilter progress: scanned 46000/50000 columns
2025-11-06 14:10:26,650 INFO mch.training: Prefilter progress: scanned 47000/50000 columns
2025-11-06 14:10:27,053 INFO mch.training: Prefilter progress: scanned 48000/50000 columns
2025-11-06 14:10:27,458 INFO mch.training: Prefilter progress: scanned 49000/50000 columns
2025-11-06 14:10:27,866 INFO mch.training: Prefilter progress: scanned 50000/50000 columns
2025-11-06 14:10:28,365 INFO mch.training: Prefilter done: kept 2000 features
2025-11-06 14:10:28,427 WARNING mch.training: Drop rare classes (<2 samples): Germ cell tumour, CNS, Peripheral nerve sheath tumour, CNS
2025-11-06 14:10:28,430 INFO mch.training: DATA ISOLATION: Using predefined split - train: 483, validation: 150 samples
2025-11-06 14:10:28,436 INFO mch.training: Train/Test shapes: X_train=(99, 2000), X_test=(28, 2000)
2025-11-06 14:10:28,437 INFO mch.training: DM disabled
2025-11-06 14:10:28,438 INFO mch.training: Pipeline steps: ['modelGeneration']
2025-11-06 14:10:28,438 WARNING mch.training: parameter_grid is None/empty, fit pipeline without grid search
2025-11-06 14:10:43,299 INFO mch.training: Test accuracy: 0.2143, macro_f1: 0.0990, weighted_f1: 0.1701
2025-11-06 14:10:43,306 INFO mch.training: Model trained for Central nervous system, not saved
2025-11-06 14:10:43,306 INFO mch.training: Training model for node: Overgrowth syndrome
2025-11-06 14:17:58,853 INFO mch.training: ================================================================================
2025-11-06 14:17:58,854 INFO mch.training: DATA ISOLATION: Splitting train/validation sets for entire tree
2025-11-06 14:17:58,855 INFO mch.training: Validation ratio: 0.20, Random seed: 42
2025-11-06 14:17:58,856 INFO mch.training: ================================================================================
2025-11-06 14:17:58,858 INFO mch.training: DATA ISOLATION: Train/validation split completed successfully
2025-11-06 14:17:58,859 INFO mch.training: Training model for node: Neuroblastoma
2025-11-06 14:18:18,159 INFO mch.training: Training model for node: Vascular/lymphatic anomalies
2025-11-06 14:18:25,411 INFO mch.training: Training model for node: Haematological malignancy
2025-11-06 14:18:41,545 INFO mch.training: Prefilter start: input shape=(108,600118), candidates=600117, topk=2000, scan_max=50000, chunk_size=1000
2025-11-06 14:18:41,946 INFO mch.training: Prefilter progress: scanned 1000/50000 columns
2025-11-06 14:18:42,309 INFO mch.training: Prefilter progress: scanned 2000/50000 columns
2025-11-06 14:18:42,668 INFO mch.training: Prefilter progress: scanned 3000/50000 columns
2025-11-06 14:18:43,047 INFO mch.training: Prefilter progress: scanned 4000/50000 columns
2025-11-06 14:18:43,433 INFO mch.training: Prefilter progress: scanned 5000/50000 columns
2025-11-06 14:18:43,807 INFO mch.training: Prefilter progress: scanned 6000/50000 columns
2025-11-06 14:18:44,174 INFO mch.training: Prefilter progress: scanned 7000/50000 columns
2025-11-06 14:18:44,558 INFO mch.training: Prefilter progress: scanned 8000/50000 columns
2025-11-06 14:18:44,938 INFO mch.training: Prefilter progress: scanned 9000/50000 columns
2025-11-06 14:18:45,312 INFO mch.training: Prefilter progress: scanned 10000/50000 columns
2025-11-06 14:18:45,696 INFO mch.training: Prefilter progress: scanned 11000/50000 columns
2025-11-06 14:18:46,074 INFO mch.training: Prefilter progress: scanned 12000/50000 columns
2025-11-06 14:18:46,459 INFO mch.training: Prefilter progress: scanned 13000/50000 columns
2025-11-06 14:18:46,798 INFO mch.training: Prefilter progress: scanned 14000/50000 columns
2025-11-06 14:18:47,196 INFO mch.training: Prefilter progress: scanned 15000/50000 columns
2025-11-06 14:18:47,589 INFO mch.training: Prefilter progress: scanned 16000/50000 columns
2025-11-06 14:18:47,969 INFO mch.training: Prefilter progress: scanned 17000/50000 columns
2025-11-06 14:18:48,347 INFO mch.training: Prefilter progress: scanned 18000/50000 columns
2025-11-06 14:18:48,746 INFO mch.training: Prefilter progress: scanned 19000/50000 columns
2025-11-06 14:18:49,128 INFO mch.training: Prefilter progress: scanned 20000/50000 columns
2025-11-06 14:18:49,531 INFO mch.training: Prefilter progress: scanned 21000/50000 columns
2025-11-06 14:18:49,915 INFO mch.training: Prefilter progress: scanned 22000/50000 columns
2025-11-06 14:18:50,308 INFO mch.training: Prefilter progress: scanned 23000/50000 columns
2025-11-06 14:18:50,693 INFO mch.training: Prefilter progress: scanned 24000/50000 columns
2025-11-06 14:18:51,061 INFO mch.training: Prefilter progress: scanned 25000/50000 columns
2025-11-06 14:18:51,417 INFO mch.training: Prefilter progress: scanned 26000/50000 columns
2025-11-06 14:18:51,774 INFO mch.training: Prefilter progress: scanned 27000/50000 columns
2025-11-06 14:18:52,122 INFO mch.training: Prefilter progress: scanned 28000/50000 columns
2025-11-06 14:18:52,467 INFO mch.training: Prefilter progress: scanned 29000/50000 columns
2025-11-06 14:18:52,835 INFO mch.training: Prefilter progress: scanned 30000/50000 columns
2025-11-06 14:18:53,176 INFO mch.training: Prefilter progress: scanned 31000/50000 columns
2025-11-06 14:18:53,523 INFO mch.training: Prefilter progress: scanned 32000/50000 columns
2025-11-06 14:18:53,868 INFO mch.training: Prefilter progress: scanned 33000/50000 columns
2025-11-06 14:18:54,224 INFO mch.training: Prefilter progress: scanned 34000/50000 columns
2025-11-06 14:18:54,567 INFO mch.training: Prefilter progress: scanned 35000/50000 columns
2025-11-06 14:18:54,905 INFO mch.training: Prefilter progress: scanned 36000/50000 columns
2025-11-06 14:18:55,248 INFO mch.training: Prefilter progress: scanned 37000/50000 columns
2025-11-06 14:18:55,585 INFO mch.training: Prefilter progress: scanned 38000/50000 columns
2025-11-06 14:18:55,955 INFO mch.training: Prefilter progress: scanned 39000/50000 columns
2025-11-06 14:18:56,299 INFO mch.training: Prefilter progress: scanned 40000/50000 columns
2025-11-06 14:18:56,658 INFO mch.training: Prefilter progress: scanned 41000/50000 columns
2025-11-06 14:18:57,020 INFO mch.training: Prefilter progress: scanned 42000/50000 columns
2025-11-06 14:18:57,377 INFO mch.training: Prefilter progress: scanned 43000/50000 columns
2025-11-06 14:18:57,721 INFO mch.training: Prefilter progress: scanned 44000/50000 columns
2025-11-06 14:18:58,100 INFO mch.training: Prefilter progress: scanned 45000/50000 columns
2025-11-06 14:18:58,482 INFO mch.training: Prefilter progress: scanned 46000/50000 columns
2025-11-06 14:18:58,857 INFO mch.training: Prefilter progress: scanned 47000/50000 columns
2025-11-06 14:18:59,247 INFO mch.training: Prefilter progress: scanned 48000/50000 columns
2025-11-06 14:18:59,632 INFO mch.training: Prefilter progress: scanned 49000/50000 columns
2025-11-06 14:19:00,033 INFO mch.training: Prefilter progress: scanned 50000/50000 columns
2025-11-06 14:19:00,525 INFO mch.training: Prefilter done: kept 2000 features
2025-11-06 14:19:00,598 WARNING mch.training: Drop rare classes (<2 samples): Histiocytosis
2025-11-06 14:19:00,600 INFO mch.training: DATA ISOLATION: Using predefined split - train: 333, validation: 88 samples
2025-11-06 14:19:00,605 INFO mch.training: Train/Test shapes: X_train=(69, 2000), X_test=(23, 2000)
2025-11-06 14:19:00,606 INFO mch.training: DM disabled
2025-11-06 14:19:00,607 INFO mch.training: Pipeline steps: ['modelGeneration']
2025-11-06 14:19:00,608 WARNING mch.training: parameter_grid is None/empty, fit pipeline without grid search
2025-11-06 14:19:12,673 INFO mch.training: Test accuracy: 0.8261, macro_f1: 0.4524, weighted_f1: 0.7474
2025-11-06 14:19:12,681 INFO mch.training: Model trained for Haematological malignancy, not saved
2025-11-06 14:19:12,682 INFO mch.training: Training model for node: Sarcoma
2025-11-06 14:19:28,834 INFO mch.training: Prefilter start: input shape=(80,600118), candidates=600117, topk=2000, scan_max=50000, chunk_size=1000
2025-11-06 14:19:29,338 INFO mch.training: Prefilter progress: scanned 1000/50000 columns
2025-11-06 14:19:29,818 INFO mch.training: Prefilter progress: scanned 2000/50000 columns
2025-11-06 14:19:30,249 INFO mch.training: Prefilter progress: scanned 3000/50000 columns
2025-11-06 14:19:30,722 INFO mch.training: Prefilter progress: scanned 4000/50000 columns
2025-11-06 14:19:31,194 INFO mch.training: Prefilter progress: scanned 5000/50000 columns
2025-11-06 14:19:31,652 INFO mch.training: Prefilter progress: scanned 6000/50000 columns
2025-11-06 14:19:32,115 INFO mch.training: Prefilter progress: scanned 7000/50000 columns
2025-11-06 14:19:32,555 INFO mch.training: Prefilter progress: scanned 8000/50000 columns
2025-11-06 14:19:33,028 INFO mch.training: Prefilter progress: scanned 9000/50000 columns
2025-11-06 14:19:33,481 INFO mch.training: Prefilter progress: scanned 10000/50000 columns
2025-11-06 14:19:33,921 INFO mch.training: Prefilter progress: scanned 11000/50000 columns
2025-11-06 14:19:34,351 INFO mch.training: Prefilter progress: scanned 12000/50000 columns
2025-11-06 14:19:34,806 INFO mch.training: Prefilter progress: scanned 13000/50000 columns
2025-11-06 14:19:35,225 INFO mch.training: Prefilter progress: scanned 14000/50000 columns
2025-11-06 14:19:35,667 INFO mch.training: Prefilter progress: scanned 15000/50000 columns
2025-11-06 14:19:36,107 INFO mch.training: Prefilter progress: scanned 16000/50000 columns
2025-11-06 14:19:36,532 INFO mch.training: Prefilter progress: scanned 17000/50000 columns
2025-11-06 14:19:36,943 INFO mch.training: Prefilter progress: scanned 18000/50000 columns
2025-11-06 14:19:37,382 INFO mch.training: Prefilter progress: scanned 19000/50000 columns
2025-11-06 14:19:37,836 INFO mch.training: Prefilter progress: scanned 20000/50000 columns
2025-11-06 14:19:38,286 INFO mch.training: Prefilter progress: scanned 21000/50000 columns
2025-11-06 14:19:38,725 INFO mch.training: Prefilter progress: scanned 22000/50000 columns
2025-11-06 14:19:39,148 INFO mch.training: Prefilter progress: scanned 23000/50000 columns
2025-11-06 14:19:39,577 INFO mch.training: Prefilter progress: scanned 24000/50000 columns
2025-11-06 14:19:40,030 INFO mch.training: Prefilter progress: scanned 25000/50000 columns
2025-11-06 14:19:40,483 INFO mch.training: Prefilter progress: scanned 26000/50000 columns
2025-11-06 14:19:40,922 INFO mch.training: Prefilter progress: scanned 27000/50000 columns
2025-11-06 14:19:41,360 INFO mch.training: Prefilter progress: scanned 28000/50000 columns
2025-11-06 14:19:41,791 INFO mch.training: Prefilter progress: scanned 29000/50000 columns
2025-11-06 14:19:42,230 INFO mch.training: Prefilter progress: scanned 30000/50000 columns
2025-11-06 14:19:42,661 INFO mch.training: Prefilter progress: scanned 31000/50000 columns
2025-11-06 14:19:43,098 INFO mch.training: Prefilter progress: scanned 32000/50000 columns
2025-11-06 14:19:43,531 INFO mch.training: Prefilter progress: scanned 33000/50000 columns
2025-11-06 14:19:43,966 INFO mch.training: Prefilter progress: scanned 34000/50000 columns
2025-11-06 14:19:44,395 INFO mch.training: Prefilter progress: scanned 35000/50000 columns
2025-11-06 14:19:44,817 INFO mch.training: Prefilter progress: scanned 36000/50000 columns
2025-11-06 14:19:45,235 INFO mch.training: Prefilter progress: scanned 37000/50000 columns
2025-11-06 14:19:45,649 INFO mch.training: Prefilter progress: scanned 38000/50000 columns
2025-11-06 14:19:46,070 INFO mch.training: Prefilter progress: scanned 39000/50000 columns
2025-11-06 14:19:46,508 INFO mch.training: Prefilter progress: scanned 40000/50000 columns
2025-11-06 14:19:46,948 INFO mch.training: Prefilter progress: scanned 41000/50000 columns
2025-11-06 14:19:47,379 INFO mch.training: Prefilter progress: scanned 42000/50000 columns
2025-11-06 14:19:47,812 INFO mch.training: Prefilter progress: scanned 43000/50000 columns
2025-11-06 14:19:48,263 INFO mch.training: Prefilter progress: scanned 44000/50000 columns
2025-11-06 14:19:48,682 INFO mch.training: Prefilter progress: scanned 45000/50000 columns
2025-11-06 14:19:49,117 INFO mch.training: Prefilter progress: scanned 46000/50000 columns
2025-11-06 14:19:49,555 INFO mch.training: Prefilter progress: scanned 47000/50000 columns
2025-11-06 14:19:49,998 INFO mch.training: Prefilter progress: scanned 48000/50000 columns
2025-11-06 14:19:50,428 INFO mch.training: Prefilter progress: scanned 49000/50000 columns
2025-11-06 14:19:50,863 INFO mch.training: Prefilter progress: scanned 50000/50000 columns
2025-11-06 14:19:51,408 INFO mch.training: Prefilter done: kept 2000 features
2025-11-06 14:19:51,474 WARNING mch.training: Drop rare classes (<2 samples): Liver tumour, Sarcoma
2025-11-06 14:19:51,476 INFO mch.training: DATA ISOLATION: Using predefined split - train: 311, validation: 88 samples
2025-11-06 14:19:51,482 INFO mch.training: Train/Test shapes: X_train=(62, 2000), X_test=(16, 2000)
2025-11-06 14:19:51,483 INFO mch.training: DM disabled
2025-11-06 14:19:51,484 INFO mch.training: Pipeline steps: ['modelGeneration']
2025-11-06 14:19:51,485 WARNING mch.training: parameter_grid is None/empty, fit pipeline without grid search
2025-11-06 14:20:07,890 INFO mch.training: Test accuracy: 0.2500, macro_f1: 0.2270, weighted_f1: 0.2373
2025-11-06 14:20:07,897 INFO mch.training: Model trained for Sarcoma, not saved
2025-11-06 14:20:07,899 INFO mch.training: Training model for node: Solid tumour
2025-11-06 14:20:24,571 INFO mch.training: Prefilter start: input shape=(48,600118), candidates=600117, topk=2000, scan_max=50000, chunk_size=1000
2025-11-06 14:20:24,999 INFO mch.training: Prefilter progress: scanned 1000/50000 columns
2025-11-06 14:20:25,423 INFO mch.training: Prefilter progress: scanned 2000/50000 columns
2025-11-06 14:20:25,845 INFO mch.training: Prefilter progress: scanned 3000/50000 columns
2025-11-06 14:20:26,300 INFO mch.training: Prefilter progress: scanned 4000/50000 columns
2025-11-06 14:20:26,737 INFO mch.training: Prefilter progress: scanned 5000/50000 columns
2025-11-06 14:20:27,191 INFO mch.training: Prefilter progress: scanned 6000/50000 columns
2025-11-06 14:20:27,617 INFO mch.training: Prefilter progress: scanned 7000/50000 columns
2025-11-06 14:20:28,035 INFO mch.training: Prefilter progress: scanned 8000/50000 columns
2025-11-06 14:20:28,452 INFO mch.training: Prefilter progress: scanned 9000/50000 columns
2025-11-06 14:20:28,879 INFO mch.training: Prefilter progress: scanned 10000/50000 columns
2025-11-06 14:20:29,259 INFO mch.training: Prefilter progress: scanned 11000/50000 columns
2025-11-06 14:20:29,625 INFO mch.training: Prefilter progress: scanned 12000/50000 columns
2025-11-06 14:20:30,030 INFO mch.training: Prefilter progress: scanned 13000/50000 columns
2025-11-06 14:20:30,424 INFO mch.training: Prefilter progress: scanned 14000/50000 columns
2025-11-06 14:20:30,822 INFO mch.training: Prefilter progress: scanned 15000/50000 columns
2025-11-06 14:20:31,266 INFO mch.training: Prefilter progress: scanned 16000/50000 columns
2025-11-06 14:20:31,632 INFO mch.training: Prefilter progress: scanned 17000/50000 columns
2025-11-06 14:20:32,019 INFO mch.training: Prefilter progress: scanned 18000/50000 columns
2025-11-06 14:20:32,401 INFO mch.training: Prefilter progress: scanned 19000/50000 columns
2025-11-06 14:20:32,779 INFO mch.training: Prefilter progress: scanned 20000/50000 columns
2025-11-06 14:20:33,147 INFO mch.training: Prefilter progress: scanned 21000/50000 columns
2025-11-06 14:20:33,521 INFO mch.training: Prefilter progress: scanned 22000/50000 columns
2025-11-06 14:20:33,891 INFO mch.training: Prefilter progress: scanned 23000/50000 columns
2025-11-06 14:20:34,291 INFO mch.training: Prefilter progress: scanned 24000/50000 columns
2025-11-06 14:20:34,708 INFO mch.training: Prefilter progress: scanned 25000/50000 columns
2025-11-06 14:20:35,083 INFO mch.training: Prefilter progress: scanned 26000/50000 columns
2025-11-06 14:20:35,451 INFO mch.training: Prefilter progress: scanned 27000/50000 columns
2025-11-06 14:20:35,841 INFO mch.training: Prefilter progress: scanned 28000/50000 columns
2025-11-06 14:20:36,230 INFO mch.training: Prefilter progress: scanned 29000/50000 columns
2025-11-06 14:20:36,599 INFO mch.training: Prefilter progress: scanned 30000/50000 columns
2025-11-06 14:20:36,988 INFO mch.training: Prefilter progress: scanned 31000/50000 columns
2025-11-06 14:20:37,366 INFO mch.training: Prefilter progress: scanned 32000/50000 columns
2025-11-06 14:20:37,737 INFO mch.training: Prefilter progress: scanned 33000/50000 columns
2025-11-06 14:20:38,104 INFO mch.training: Prefilter progress: scanned 34000/50000 columns
2025-11-06 14:20:38,502 INFO mch.training: Prefilter progress: scanned 35000/50000 columns
2025-11-06 14:20:38,864 INFO mch.training: Prefilter progress: scanned 36000/50000 columns
2025-11-06 14:20:39,249 INFO mch.training: Prefilter progress: scanned 37000/50000 columns
2025-11-06 14:20:39,639 INFO mch.training: Prefilter progress: scanned 38000/50000 columns
2025-11-06 14:20:40,020 INFO mch.training: Prefilter progress: scanned 39000/50000 columns
2025-11-06 14:20:40,396 INFO mch.training: Prefilter progress: scanned 40000/50000 columns
2025-11-06 14:20:40,780 INFO mch.training: Prefilter progress: scanned 41000/50000 columns
2025-11-06 14:20:41,163 INFO mch.training: Prefilter progress: scanned 42000/50000 columns
2025-11-06 14:20:41,543 INFO mch.training: Prefilter progress: scanned 43000/50000 columns
2025-11-06 14:20:41,899 INFO mch.training: Prefilter progress: scanned 44000/50000 columns
2025-11-06 14:20:42,272 INFO mch.training: Prefilter progress: scanned 45000/50000 columns
2025-11-06 14:20:42,655 INFO mch.training: Prefilter progress: scanned 46000/50000 columns
2025-11-06 14:20:43,036 INFO mch.training: Prefilter progress: scanned 47000/50000 columns
2025-11-06 14:20:43,411 INFO mch.training: Prefilter progress: scanned 48000/50000 columns
2025-11-06 14:20:43,797 INFO mch.training: Prefilter progress: scanned 49000/50000 columns
2025-11-06 14:20:44,175 INFO mch.training: Prefilter progress: scanned 50000/50000 columns
2025-11-06 14:20:44,655 INFO mch.training: Prefilter done: kept 2000 features
2025-11-06 14:20:44,719 INFO mch.training: DATA ISOLATION: Using predefined split - train: 133, validation: 75 samples
2025-11-06 14:20:44,722 INFO mch.training: Train/Test shapes: X_train=(31, 2000), X_test=(15, 2000)
2025-11-06 14:20:44,723 INFO mch.training: DM disabled
2025-11-06 14:20:44,724 INFO mch.training: Pipeline steps: ['modelGeneration']
2025-11-06 14:20:44,725 WARNING mch.training: parameter_grid is None/empty, fit pipeline without grid search
2025-11-06 14:21:00,838 INFO mch.training: Test accuracy: 0.1333, macro_f1: 0.1111, weighted_f1: 0.1333
2025-11-06 14:21:00,845 INFO mch.training: Model trained for Solid tumour, not saved
2025-11-06 14:21:00,846 INFO mch.training: Training model for node: Central nervous system
2025-11-06 14:21:17,983 INFO mch.training: Prefilter start: input shape=(129,600118), candidates=600117, topk=2000, scan_max=50000, chunk_size=1000
2025-11-06 14:21:18,450 INFO mch.training: Prefilter progress: scanned 1000/50000 columns
2025-11-06 14:21:18,905 INFO mch.training: Prefilter progress: scanned 2000/50000 columns
2025-11-06 14:21:19,355 INFO mch.training: Prefilter progress: scanned 3000/50000 columns
2025-11-06 14:21:19,846 INFO mch.training: Prefilter progress: scanned 4000/50000 columns
2025-11-06 14:21:20,310 INFO mch.training: Prefilter progress: scanned 5000/50000 columns
2025-11-06 14:21:20,773 INFO mch.training: Prefilter progress: scanned 6000/50000 columns
2025-11-06 14:21:21,259 INFO mch.training: Prefilter progress: scanned 7000/50000 columns
2025-11-06 14:21:21,668 INFO mch.training: Prefilter progress: scanned 8000/50000 columns
2025-11-06 14:21:22,125 INFO mch.training: Prefilter progress: scanned 9000/50000 columns
2025-11-06 14:21:22,561 INFO mch.training: Prefilter progress: scanned 10000/50000 columns
2025-11-06 14:21:23,020 INFO mch.training: Prefilter progress: scanned 11000/50000 columns
2025-11-06 14:21:23,456 INFO mch.training: Prefilter progress: scanned 12000/50000 columns
2025-11-06 14:21:23,887 INFO mch.training: Prefilter progress: scanned 13000/50000 columns
2025-11-06 14:21:24,321 INFO mch.training: Prefilter progress: scanned 14000/50000 columns
2025-11-06 14:21:24,737 INFO mch.training: Prefilter progress: scanned 15000/50000 columns
2025-11-06 14:21:25,158 INFO mch.training: Prefilter progress: scanned 16000/50000 columns
2025-11-06 14:21:25,586 INFO mch.training: Prefilter progress: scanned 17000/50000 columns
2025-11-06 14:21:26,023 INFO mch.training: Prefilter progress: scanned 18000/50000 columns
2025-11-06 14:21:26,448 INFO mch.training: Prefilter progress: scanned 19000/50000 columns
2025-11-06 14:21:26,857 INFO mch.training: Prefilter progress: scanned 20000/50000 columns
2025-11-06 14:21:27,282 INFO mch.training: Prefilter progress: scanned 21000/50000 columns
2025-11-06 14:21:27,707 INFO mch.training: Prefilter progress: scanned 22000/50000 columns
2025-11-06 14:21:28,128 INFO mch.training: Prefilter progress: scanned 23000/50000 columns
2025-11-06 14:21:28,541 INFO mch.training: Prefilter progress: scanned 24000/50000 columns
2025-11-06 14:21:28,960 INFO mch.training: Prefilter progress: scanned 25000/50000 columns
2025-11-06 14:21:29,369 INFO mch.training: Prefilter progress: scanned 26000/50000 columns
2025-11-06 14:21:29,773 INFO mch.training: Prefilter progress: scanned 27000/50000 columns
2025-11-06 14:21:30,203 INFO mch.training: Prefilter progress: scanned 28000/50000 columns
2025-11-06 14:21:30,638 INFO mch.training: Prefilter progress: scanned 29000/50000 columns
2025-11-06 14:21:31,037 INFO mch.training: Prefilter progress: scanned 30000/50000 columns
2025-11-06 14:21:31,441 INFO mch.training: Prefilter progress: scanned 31000/50000 columns
2025-11-06 14:21:31,846 INFO mch.training: Prefilter progress: scanned 32000/50000 columns
2025-11-06 14:21:32,263 INFO mch.training: Prefilter progress: scanned 33000/50000 columns
2025-11-06 14:21:32,691 INFO mch.training: Prefilter progress: scanned 34000/50000 columns
2025-11-06 14:21:33,136 INFO mch.training: Prefilter progress: scanned 35000/50000 columns
2025-11-06 14:21:33,572 INFO mch.training: Prefilter progress: scanned 36000/50000 columns
2025-11-06 14:21:33,973 INFO mch.training: Prefilter progress: scanned 37000/50000 columns
2025-11-06 14:21:34,376 INFO mch.training: Prefilter progress: scanned 38000/50000 columns
2025-11-06 14:21:34,786 INFO mch.training: Prefilter progress: scanned 39000/50000 columns
2025-11-06 14:21:35,221 INFO mch.training: Prefilter progress: scanned 40000/50000 columns
2025-11-06 14:21:35,666 INFO mch.training: Prefilter progress: scanned 41000/50000 columns
2025-11-06 14:21:36,078 INFO mch.training: Prefilter progress: scanned 42000/50000 columns
2025-11-06 14:21:36,488 INFO mch.training: Prefilter progress: scanned 43000/50000 columns
2025-11-06 14:21:36,909 INFO mch.training: Prefilter progress: scanned 44000/50000 columns
2025-11-06 14:21:37,323 INFO mch.training: Prefilter progress: scanned 45000/50000 columns
2025-11-06 14:21:37,732 INFO mch.training: Prefilter progress: scanned 46000/50000 columns
2025-11-06 14:21:38,150 INFO mch.training: Prefilter progress: scanned 47000/50000 columns
2025-11-06 14:21:38,566 INFO mch.training: Prefilter progress: scanned 48000/50000 columns
2025-11-06 14:21:38,982 INFO mch.training: Prefilter progress: scanned 49000/50000 columns
2025-11-06 14:21:39,434 INFO mch.training: Prefilter progress: scanned 50000/50000 columns
2025-11-06 14:21:39,966 INFO mch.training: Prefilter done: kept 2000 features
2025-11-06 14:21:40,036 WARNING mch.training: Drop rare classes (<2 samples): Germ cell tumour, CNS, Peripheral nerve sheath tumour, CNS
2025-11-06 14:21:40,039 INFO mch.training: DATA ISOLATION: Using predefined split - train: 483, validation: 150 samples
2025-11-06 14:21:40,043 INFO mch.training: Train/Test shapes: X_train=(99, 2000), X_test=(28, 2000)
2025-11-06 14:21:40,044 INFO mch.training: DM disabled
2025-11-06 14:21:40,045 INFO mch.training: Pipeline steps: ['modelGeneration']
2025-11-06 14:21:40,046 WARNING mch.training: parameter_grid is None/empty, fit pipeline without grid search
2025-11-06 14:21:55,807 INFO mch.training: Test accuracy: 0.2143, macro_f1: 0.0990, weighted_f1: 0.1701
2025-11-06 14:21:55,815 INFO mch.training: Model trained for Central nervous system, not saved
2025-11-06 14:21:55,817 INFO mch.training: Training model for node: Overgrowth syndrome
2025-11-06 14:36:25,092 INFO mch.training: ================================================================================
2025-11-06 14:36:25,093 INFO mch.training: PARALLELIZATION: Starting parallel training
2025-11-06 14:36:25,094 INFO mch.training: ================================================================================
2025-11-06 14:36:25,095 INFO mch.training: DATA ISOLATION: Splitting train/validation sets for entire tree
2025-11-06 14:36:25,096 INFO mch.training: Validation ratio: 0.20, Random seed: 42
2025-11-06 14:36:25,099 INFO mch.training: DATA ISOLATION: Train/validation split completed successfully
2025-11-06 14:36:25,100 INFO mch.training: ================================================================================
2025-11-06 14:36:25,100 INFO mch.training: PARALLELIZATION: Training 7 nodes using 4 parallel workers
2025-11-06 14:36:25,102 INFO mch.training: CPU cores available: 16
2025-11-06 14:36:25,103 INFO mch.training: Nodes to train: Neuroblastoma, Vascular/lymphatic anomalies, Haematological malignancy, Sarcoma, Solid tumour, Central nervous system, Overgrowth syndrome
2025-11-06 14:36:25,104 INFO mch.training: ================================================================================
2025-11-06 14:36:25,104 INFO mch.training: [DEBUG-PARALLEL] Creating ProcessPoolExecutor with max_workers=4
2025-11-06 14:36:25,105 INFO mch.training: [DEBUG-PARALLEL] Using multiprocessing context: spawn
2025-11-06 14:36:25,107 INFO mch.training: [DEBUG-PARALLEL] Submitting 7 training tasks...
2025-11-06 14:36:25,108 INFO mch.training: [DEBUG-PARALLEL] Submitting task 1/7: Neuroblastoma
2025-11-06 14:36:25,221 INFO mch.training: [DEBUG-PARALLEL] Task submitted for: Neuroblastoma
2025-11-06 14:36:25,326 INFO mch.training: [DEBUG-PARALLEL] Submitting task 2/7: Vascular/lymphatic anomalies
2025-11-06 14:36:26,622 INFO mch.training: [DEBUG-PARALLEL] Task submitted for: Vascular/lymphatic anomalies
2025-11-06 14:36:26,675 INFO mch.training: [DEBUG-PARALLEL] Submitting task 3/7: Haematological malignancy
2025-11-06 14:36:27,432 INFO mch.training: [DEBUG-PARALLEL] Task submitted for: Haematological malignancy
2025-11-06 14:36:27,483 INFO mch.training: [DEBUG-PARALLEL] Submitting task 4/7: Sarcoma
2025-11-06 14:36:27,816 INFO mch.training: [DEBUG-PARALLEL] Task submitted for: Sarcoma
2025-11-06 14:36:27,843 INFO mch.training: [DEBUG-PARALLEL] Submitting task 5/7: Solid tumour
2025-11-06 14:36:27,881 INFO mch.training: [DEBUG-PARALLEL] Task submitted for: Solid tumour
2025-11-06 14:36:27,918 INFO mch.training: [DEBUG-PARALLEL] Submitting task 6/7: Central nervous system
2025-11-06 14:36:27,951 INFO mch.training: [DEBUG-PARALLEL] Task submitted for: Central nervous system
2025-11-06 14:36:27,973 INFO mch.training: [DEBUG-PARALLEL] Submitting task 7/7: Overgrowth syndrome
2025-11-06 14:36:28,013 INFO mch.training: [DEBUG-PARALLEL] Task submitted for: Overgrowth syndrome
2025-11-06 14:36:28,065 INFO mch.training: [DEBUG-PARALLEL] All 7 training tasks submitted to executor
2025-11-06 14:36:28,108 INFO mch.training: [DEBUG-PARALLEL] Waiting for tasks to complete...
2025-11-06 14:37:19,948 INFO mch.training: [DEBUG-PARALLEL] Task completed 1/7: Neuroblastoma
2025-11-06 14:37:19,986 INFO mch.training: [DEBUG-PARALLEL] Getting result for Neuroblastoma...
2025-11-06 14:37:20,022 INFO mch.training: [DEBUG-PARALLEL] Result received for Neuroblastoma
2025-11-06 14:37:20,059 WARNING mch.training: [1/7] Neuroblastoma: SKIPPED (no data or insufficient samples)
2025-11-06 14:37:22,103 INFO mch.training: [DEBUG-PARALLEL] Task completed 2/7: Vascular/lymphatic anomalies
2025-11-06 14:37:22,140 INFO mch.training: [DEBUG-PARALLEL] Getting result for Vascular/lymphatic anomalies...
2025-11-06 14:37:22,159 INFO mch.training: [DEBUG-PARALLEL] Result received for Vascular/lymphatic anomalies
2025-11-06 14:37:22,160 WARNING mch.training: [2/7] Vascular/lymphatic anomalies: SKIPPED (no data or insufficient samples)
2025-11-06 14:38:13,182 INFO mch.training: [DEBUG-PARALLEL] Task completed 3/7: Haematological malignancy
2025-11-06 14:38:13,184 INFO mch.training: [DEBUG-PARALLEL] Getting result for Haematological malignancy...
2025-11-06 14:38:13,185 INFO mch.training: [DEBUG-PARALLEL] Result received for Haematological malignancy
2025-11-06 14:38:13,186 INFO mch.training: [3/7] Haematological malignancy: COMPLETED (acc=0.826)
2025-11-06 14:38:31,273 INFO mch.training: [DEBUG-PARALLEL] Task completed 4/7: Sarcoma
2025-11-06 14:38:31,275 INFO mch.training: [DEBUG-PARALLEL] Getting result for Sarcoma...
2025-11-06 14:38:31,276 INFO mch.training: [DEBUG-PARALLEL] Result received for Sarcoma
2025-11-06 14:38:31,277 INFO mch.training: [4/7] Sarcoma: COMPLETED (acc=0.250)
2025-11-06 14:38:39,873 INFO mch.training: [DEBUG-PARALLEL] Task completed 5/7: Overgrowth syndrome
2025-11-06 14:38:39,874 INFO mch.training: [DEBUG-PARALLEL] Getting result for Overgrowth syndrome...
2025-11-06 14:38:39,875 INFO mch.training: [DEBUG-PARALLEL] Result received for Overgrowth syndrome
2025-11-06 14:38:39,876 WARNING mch.training: [5/7] Overgrowth syndrome: SKIPPED (no data or insufficient samples)
2025-11-06 14:38:40,421 INFO mch.training: [DEBUG-PARALLEL] Task completed 6/7: Solid tumour
2025-11-06 14:38:40,422 INFO mch.training: [DEBUG-PARALLEL] Getting result for Solid tumour...
2025-11-06 14:38:40,423 INFO mch.training: [DEBUG-PARALLEL] Result received for Solid tumour
2025-11-06 14:38:40,424 INFO mch.training: [6/7] Solid tumour: COMPLETED (acc=0.133)
2025-11-06 14:38:57,014 INFO mch.training: [DEBUG-PARALLEL] Task completed 7/7: Central nervous system
2025-11-06 14:38:57,016 INFO mch.training: [DEBUG-PARALLEL] Getting result for Central nervous system...
2025-11-06 14:38:57,017 INFO mch.training: [DEBUG-PARALLEL] Result received for Central nervous system
2025-11-06 14:38:57,018 INFO mch.training: [7/7] Central nervous system: COMPLETED (acc=0.214)
2025-11-06 14:38:58,547 INFO mch.training: ================================================================================
2025-11-06 14:38:58,548 INFO mch.training: PARALLELIZATION: Training completed
2025-11-06 14:38:58,550 INFO mch.training: Total time: 153.44 seconds (2.56 minutes)
2025-11-06 14:38:58,551 INFO mch.training: Success: 4/7 nodes
2025-11-06 14:38:58,552 INFO mch.training: ================================================================================
2025-11-06 15:33:50,495 INFO mch.training: ================================================================================
2025-11-06 15:33:50,497 INFO mch.training: PARALLELIZATION: Starting parallel training
2025-11-06 15:33:50,498 INFO mch.training: ================================================================================
2025-11-06 15:33:50,500 INFO mch.training: DATA ISOLATION: Splitting train/validation sets for entire tree
2025-11-06 15:33:50,501 INFO mch.training: Validation ratio: 0.20, Random seed: 42
2025-11-06 15:33:50,504 INFO mch.training: DATA ISOLATION: Train/validation split completed successfully
2025-11-06 15:33:50,505 INFO mch.training: ================================================================================
2025-11-06 15:33:50,506 INFO mch.training: PARALLELIZATION: Training 7 nodes using 4 parallel workers
2025-11-06 15:33:50,507 INFO mch.training: CPU cores available: 16
2025-11-06 15:33:50,508 INFO mch.training: Nodes to train: Neuroblastoma, Vascular/lymphatic anomalies, Haematological malignancy, Sarcoma, Solid tumour, Central nervous system, Overgrowth syndrome
2025-11-06 15:33:50,509 INFO mch.training: ================================================================================
2025-11-06 15:33:50,510 INFO mch.training: [DEBUG-PARALLEL] Creating ProcessPoolExecutor with max_workers=4
2025-11-06 15:33:50,511 INFO mch.training: [DEBUG-PARALLEL] Using multiprocessing context: spawn
2025-11-06 15:33:50,683 INFO mch.training: [DEBUG-PARALLEL] Submitting 7 training tasks...
2025-11-06 15:33:50,685 INFO mch.training: [DEBUG-PARALLEL] Submitting task 1/7: Neuroblastoma
2025-11-06 15:33:50,806 INFO mch.training: [DEBUG-PARALLEL] Task submitted for: Neuroblastoma
2025-11-06 15:33:50,920 INFO mch.training: [DEBUG-PARALLEL] Submitting task 2/7: Vascular/lymphatic anomalies
2025-11-06 15:33:51,971 INFO mch.training: [DEBUG-PARALLEL] Task submitted for: Vascular/lymphatic anomalies
2025-11-06 15:33:52,004 INFO mch.training: [DEBUG-PARALLEL] Submitting task 3/7: Haematological malignancy
2025-11-06 15:33:52,567 INFO mch.training: [DEBUG-PARALLEL] Task submitted for: Haematological malignancy
2025-11-06 15:33:52,615 INFO mch.training: [DEBUG-PARALLEL] Submitting task 4/7: Sarcoma
2025-11-06 15:33:52,850 INFO mch.training: [DEBUG-PARALLEL] Task submitted for: Sarcoma
2025-11-06 15:33:52,898 INFO mch.training: [DEBUG-PARALLEL] Submitting task 5/7: Solid tumour
2025-11-06 15:33:52,936 INFO mch.training: [DEBUG-PARALLEL] Task submitted for: Solid tumour
2025-11-06 15:33:52,984 INFO mch.training: [DEBUG-PARALLEL] Submitting task 6/7: Central nervous system
2025-11-06 15:33:53,047 INFO mch.training: [DEBUG-PARALLEL] Task submitted for: Central nervous system
2025-11-06 15:33:53,077 INFO mch.training: [DEBUG-PARALLEL] Submitting task 7/7: Overgrowth syndrome
2025-11-06 15:33:53,115 INFO mch.training: [DEBUG-PARALLEL] Task submitted for: Overgrowth syndrome
2025-11-06 15:33:53,147 INFO mch.training: [DEBUG-PARALLEL] All 7 training tasks submitted to executor
2025-11-06 15:33:53,180 INFO mch.training: [DEBUG-PARALLEL] Waiting for tasks to complete...
2025-11-06 15:34:45,383 INFO mch.training: [DEBUG-PARALLEL] Task completed 1/7: Neuroblastoma
2025-11-06 15:34:45,421 INFO mch.training: [DEBUG-PARALLEL] Getting result for Neuroblastoma...
2025-11-06 15:34:45,448 INFO mch.training: [DEBUG-PARALLEL] Result received for Neuroblastoma
2025-11-06 15:34:45,504 WARNING mch.training: [1/7] Neuroblastoma: SKIPPED (no data or insufficient samples)
2025-11-06 15:34:47,020 INFO mch.training: [DEBUG-PARALLEL] Task completed 2/7: Vascular/lymphatic anomalies
2025-11-06 15:34:47,021 INFO mch.training: [DEBUG-PARALLEL] Getting result for Vascular/lymphatic anomalies...
2025-11-06 15:34:47,022 INFO mch.training: [DEBUG-PARALLEL] Result received for Vascular/lymphatic anomalies
2025-11-06 15:34:47,024 WARNING mch.training: [2/7] Vascular/lymphatic anomalies: SKIPPED (no data or insufficient samples)
2025-11-06 15:35:37,474 INFO mch.training: [DEBUG-PARALLEL] Task completed 3/7: Haematological malignancy
2025-11-06 15:35:37,476 INFO mch.training: [DEBUG-PARALLEL] Getting result for Haematological malignancy...
2025-11-06 15:35:37,477 INFO mch.training: [DEBUG-PARALLEL] Result received for Haematological malignancy
2025-11-06 15:35:37,479 INFO mch.training: [3/7] Haematological malignancy: COMPLETED (acc=0.826)
2025-11-06 15:35:57,174 INFO mch.training: [DEBUG-PARALLEL] Task completed 4/7: Sarcoma
2025-11-06 15:35:57,176 INFO mch.training: [DEBUG-PARALLEL] Getting result for Sarcoma...
2025-11-06 15:35:57,177 INFO mch.training: [DEBUG-PARALLEL] Result received for Sarcoma
2025-11-06 15:35:57,179 INFO mch.training: [4/7] Sarcoma: COMPLETED (acc=0.250)
2025-11-06 15:36:06,392 INFO mch.training: [DEBUG-PARALLEL] Task completed 5/7: Overgrowth syndrome
2025-11-06 15:36:06,394 INFO mch.training: [DEBUG-PARALLEL] Getting result for Overgrowth syndrome...
2025-11-06 15:36:06,395 INFO mch.training: [DEBUG-PARALLEL] Result received for Overgrowth syndrome
2025-11-06 15:36:06,396 WARNING mch.training: [5/7] Overgrowth syndrome: SKIPPED (no data or insufficient samples)
2025-11-06 15:36:06,684 INFO mch.training: [DEBUG-PARALLEL] Task completed 6/7: Solid tumour
2025-11-06 15:36:06,686 INFO mch.training: [DEBUG-PARALLEL] Getting result for Solid tumour...
2025-11-06 15:36:06,687 INFO mch.training: [DEBUG-PARALLEL] Result received for Solid tumour
2025-11-06 15:36:06,688 INFO mch.training: [6/7] Solid tumour: COMPLETED (acc=0.133)
2025-11-06 15:36:23,119 INFO mch.training: [DEBUG-PARALLEL] Task completed 7/7: Central nervous system
2025-11-06 15:36:23,121 INFO mch.training: [DEBUG-PARALLEL] Getting result for Central nervous system...
2025-11-06 15:36:23,122 INFO mch.training: [DEBUG-PARALLEL] Result received for Central nervous system
2025-11-06 15:36:23,124 INFO mch.training: [7/7] Central nervous system: COMPLETED (acc=0.214)
2025-11-06 15:36:24,577 INFO mch.training: ================================================================================
2025-11-06 15:36:24,578 INFO mch.training: PARALLELIZATION: Training completed
2025-11-06 15:36:24,579 INFO mch.training: Total time: 154.07 seconds (2.57 minutes)
2025-11-06 15:36:24,580 INFO mch.training: Success: 4/7 nodes
2025-11-06 15:36:24,582 INFO mch.training: ================================================================================
2025-11-06 16:37:51,657 INFO mch.training: ================================================================================
2025-11-06 16:37:51,658 INFO mch.training: PARALLELIZATION: Starting parallel training
2025-11-06 16:37:51,660 INFO mch.training: ================================================================================
2025-11-06 16:37:51,661 INFO mch.training: DATA ISOLATION: Splitting train/validation sets for entire tree
2025-11-06 16:37:51,662 INFO mch.training: Validation ratio: 0.20, Random seed: 42
2025-11-06 16:37:51,665 INFO mch.training: DATA ISOLATION: Train/validation split completed successfully
2025-11-06 16:37:51,666 INFO mch.training: ================================================================================
2025-11-06 16:37:51,667 INFO mch.training: PARALLELIZATION: Training 7 nodes using 4 parallel workers
2025-11-06 16:37:51,669 INFO mch.training: CPU cores available: 16
2025-11-06 16:37:51,670 INFO mch.training: Nodes to train: Neuroblastoma, Vascular/lymphatic anomalies, Haematological malignancy, Sarcoma, Solid tumour, Central nervous system, Overgrowth syndrome
2025-11-06 16:37:51,671 INFO mch.training: ================================================================================
2025-11-06 16:37:51,672 INFO mch.training: [DEBUG-PARALLEL] Creating ProcessPoolExecutor with max_workers=4
2025-11-06 16:37:51,673 INFO mch.training: [DEBUG-PARALLEL] Using multiprocessing context: spawn
2025-11-06 16:37:51,802 INFO mch.training: [DEBUG-PARALLEL] Submitting 7 training tasks...
2025-11-06 16:37:51,803 INFO mch.training: [DEBUG-PARALLEL] Submitting task 1/7: Neuroblastoma
2025-11-06 16:37:51,881 INFO mch.training: [DEBUG-PARALLEL] Task submitted for: Neuroblastoma
2025-11-06 16:37:51,994 INFO mch.training: [DEBUG-PARALLEL] Submitting task 2/7: Vascular/lymphatic anomalies
2025-11-06 16:37:52,740 INFO mch.training: [DEBUG-PARALLEL] Task submitted for: Vascular/lymphatic anomalies
2025-11-06 16:37:52,783 INFO mch.training: [DEBUG-PARALLEL] Submitting task 3/7: Haematological malignancy
2025-11-06 16:37:53,386 INFO mch.training: [DEBUG-PARALLEL] Task submitted for: Haematological malignancy
2025-11-06 16:37:53,456 INFO mch.training: [DEBUG-PARALLEL] Submitting task 4/7: Sarcoma
2025-11-06 16:37:53,694 INFO mch.training: [DEBUG-PARALLEL] Task submitted for: Sarcoma
2025-11-06 16:37:53,742 INFO mch.training: [DEBUG-PARALLEL] Submitting task 5/7: Solid tumour
2025-11-06 16:37:53,764 INFO mch.training: [DEBUG-PARALLEL] Task submitted for: Solid tumour
2025-11-06 16:37:53,808 INFO mch.training: [DEBUG-PARALLEL] Submitting task 6/7: Central nervous system
2025-11-06 16:37:53,861 INFO mch.training: [DEBUG-PARALLEL] Task submitted for: Central nervous system
2025-11-06 16:37:53,904 INFO mch.training: [DEBUG-PARALLEL] Submitting task 7/7: Overgrowth syndrome
2025-11-06 16:37:53,942 INFO mch.training: [DEBUG-PARALLEL] Task submitted for: Overgrowth syndrome
2025-11-06 16:37:53,991 INFO mch.training: [DEBUG-PARALLEL] All 7 training tasks submitted to executor
2025-11-06 16:37:54,029 INFO mch.training: [DEBUG-PARALLEL] Waiting for tasks to complete...
2025-11-06 16:38:43,996 INFO mch.training: [DEBUG-PARALLEL] Task completed 1/7: Neuroblastoma
2025-11-06 16:38:44,018 INFO mch.training: [DEBUG-PARALLEL] Getting result for Neuroblastoma...
2025-11-06 16:38:44,066 INFO mch.training: [DEBUG-PARALLEL] Result received for Neuroblastoma
2025-11-06 16:38:44,088 WARNING mch.training: [1/7] Neuroblastoma: SKIPPED (no data or insufficient samples)
2025-11-06 16:38:47,587 INFO mch.training: [DEBUG-PARALLEL] Task completed 2/7: Vascular/lymphatic anomalies
2025-11-06 16:38:47,649 INFO mch.training: [DEBUG-PARALLEL] Getting result for Vascular/lymphatic anomalies...
2025-11-06 16:38:47,661 INFO mch.training: [DEBUG-PARALLEL] Result received for Vascular/lymphatic anomalies
2025-11-06 16:38:47,694 WARNING mch.training: [2/7] Vascular/lymphatic anomalies: SKIPPED (no data or insufficient samples)
2025-11-06 16:39:41,908 INFO mch.training: [DEBUG-PARALLEL] Task completed 3/7: Haematological malignancy
2025-11-06 16:39:41,910 INFO mch.training: [DEBUG-PARALLEL] Getting result for Haematological malignancy...
2025-11-06 16:39:41,911 INFO mch.training: [DEBUG-PARALLEL] Result received for Haematological malignancy
2025-11-06 16:39:41,913 INFO mch.training: [3/7] Haematological malignancy: COMPLETED (acc=0.826)
2025-11-06 16:39:59,468 INFO mch.training: [DEBUG-PARALLEL] Task completed 4/7: Sarcoma
2025-11-06 16:39:59,470 INFO mch.training: [DEBUG-PARALLEL] Getting result for Sarcoma...
2025-11-06 16:39:59,472 INFO mch.training: [DEBUG-PARALLEL] Result received for Sarcoma
2025-11-06 16:39:59,473 INFO mch.training: [4/7] Sarcoma: COMPLETED (acc=0.250)
2025-11-06 16:40:08,055 INFO mch.training: [DEBUG-PARALLEL] Task completed 5/7: Solid tumour
2025-11-06 16:40:08,057 INFO mch.training: [DEBUG-PARALLEL] Getting result for Solid tumour...
2025-11-06 16:40:08,058 INFO mch.training: [DEBUG-PARALLEL] Result received for Solid tumour
2025-11-06 16:40:08,059 INFO mch.training: [5/7] Solid tumour: COMPLETED (acc=0.133)
2025-11-06 16:40:11,612 INFO mch.training: [DEBUG-PARALLEL] Task completed 6/7: Overgrowth syndrome
2025-11-06 16:40:11,613 INFO mch.training: [DEBUG-PARALLEL] Getting result for Overgrowth syndrome...
2025-11-06 16:40:11,614 INFO mch.training: [DEBUG-PARALLEL] Result received for Overgrowth syndrome
2025-11-06 16:40:11,615 WARNING mch.training: [6/7] Overgrowth syndrome: SKIPPED (no data or insufficient samples)
2025-11-06 16:40:28,726 INFO mch.training: [DEBUG-PARALLEL] Task completed 7/7: Central nervous system
2025-11-06 16:40:28,728 INFO mch.training: [DEBUG-PARALLEL] Getting result for Central nervous system...
2025-11-06 16:40:28,729 INFO mch.training: [DEBUG-PARALLEL] Result received for Central nervous system
2025-11-06 16:40:28,730 INFO mch.training: [7/7] Central nervous system: COMPLETED (acc=0.214)
2025-11-06 16:40:30,096 INFO mch.training: ================================================================================
2025-11-06 16:40:30,097 INFO mch.training: PARALLELIZATION: Training completed
2025-11-06 16:40:30,099 INFO mch.training: Total time: 158.42 seconds (2.64 minutes)
2025-11-06 16:40:30,100 INFO mch.training: Success: 4/7 nodes
2025-11-06 16:40:30,101 INFO mch.training: ================================================================================
2025-11-19 22:12:10,143 INFO mch.training: Only training specified node: Haematological malignancy
2025-11-19 22:12:10,144 INFO mch.training: Training model for node: Haematological malignancy
2025-11-19 22:12:23,733 INFO mch.training: Prefilter start: input shape=(108,600118), candidates=600117, topk=0, scan_max=5000, chunk_size=1000
2025-11-19 22:12:23,735 INFO mch.training: Prefilter bypass: kept=600117
2025-11-19 22:12:44,421 WARNING mch.training: Drop rare classes (<2 samples): Histiocytosis
2025-11-19 22:12:44,851 INFO mch.training: Train/Test shapes: X_train=(85, 600117), X_test=(22, 600117)
2025-11-19 22:12:44,852 INFO mch.training: DM enabled
2025-11-19 22:12:44,853 INFO mch.training: Pipeline steps: ['replace_inf', 'differentialMethylation', 'modelGeneration']
2025-11-19 22:12:44,854 WARNING mch.training: parameter_grid is None/empty, fit pipeline without grid search
2025-11-19 22:15:46,283 ERROR mch.training: Error training model for Haematological malignancy
Traceback (most recent call last):
  File "/Workspace/9900-f18a-cake/working_branch/src/mch/models/training.py", line 174, in train_all_models
    pipeline.fit(X_train, y_train)
  File "/databricks/python/lib/python3.12/site-packages/mlflow/utils/autologging_utils/safety.py", line 483, in safe_patch_function
    patch_function(call_original, *args, **kwargs)
  File "/databricks/python/lib/python3.12/site-packages/mlflow/utils/autologging_utils/safety.py", line 182, in patch_with_managed_run
    result = patch_function(original, *args, **kwargs)
             ^^^^^^^^^^^^^^^^^^^^^^^^^^^^^^^^^^^^^^^^^
  File "/databricks/python/lib/python3.12/site-packages/mlflow/sklearn/__init__.py", line 1655, in patched_fit
    result = fit_impl(original, self, *args, **kwargs)
             ^^^^^^^^^^^^^^^^^^^^^^^^^^^^^^^^^^^^^^^^^
  File "/databricks/python/lib/python3.12/site-packages/mlflow/sklearn/__init__.py", line 1430, in fit_mlflow
    fit_output = original(self, *args, **kwargs)
                 ^^^^^^^^^^^^^^^^^^^^^^^^^^^^^^^
  File "/databricks/python/lib/python3.12/site-packages/mlflow/utils/autologging_utils/safety.py", line 474, in call_original
    return call_original_fn_with_event_logging(_original_fn, og_args, og_kwargs)
           ^^^^^^^^^^^^^^^^^^^^^^^^^^^^^^^^^^^^^^^^^^^^^^^^^^^^^^^^^^^^^^^^^^^^^
  File "/databricks/python/lib/python3.12/site-packages/mlflow/utils/autologging_utils/safety.py", line 425, in call_original_fn_with_event_logging
    original_fn_result = original_fn(*og_args, **og_kwargs)
                         ^^^^^^^^^^^^^^^^^^^^^^^^^^^^^^^^^^
  File "/databricks/python/lib/python3.12/site-packages/mlflow/utils/autologging_utils/safety.py", line 471, in _original_fn
    original_result = original(*_og_args, **_og_kwargs)
                      ^^^^^^^^^^^^^^^^^^^^^^^^^^^^^^^^^
  File "/databricks/python_shell/lib/dbruntime/MLWorkloadsInstrumentation/_sklearn.py", line 29, in patch_function
    original_result = original(self, *args, **kwargs)
                      ^^^^^^^^^^^^^^^^^^^^^^^^^^^^^^^
  File "/local_disk0/.ephemeral_nfs/cluster_libraries/python/lib/python3.12/site-packages/sklearn/base.py", line 1473, in wrapper
    return fit_method(estimator, *args, **kwargs)
           ^^^^^^^^^^^^^^^^^^^^^^^^^^^^^^^^^^^^^^
  File "/local_disk0/.ephemeral_nfs/cluster_libraries/python/lib/python3.12/site-packages/sklearn/pipeline.py", line 469, in fit
    Xt = self._fit(X, y, routed_params)
         ^^^^^^^^^^^^^^^^^^^^^^^^^^^^^^
  File "/local_disk0/.ephemeral_nfs/cluster_libraries/python/lib/python3.12/site-packages/sklearn/pipeline.py", line 406, in _fit
    X, fitted_transformer = fit_transform_one_cached(
                            ^^^^^^^^^^^^^^^^^^^^^^^^^
  File "/databricks/python/lib/python3.12/site-packages/joblib/memory.py", line 312, in __call__
    return self.func(*args, **kwargs)
           ^^^^^^^^^^^^^^^^^^^^^^^^^^
  File "/local_disk0/.ephemeral_nfs/cluster_libraries/python/lib/python3.12/site-packages/sklearn/pipeline.py", line 1310, in _fit_transform_one
    res = transformer.fit_transform(X, y, **params.get("fit_transform", {}))
          ^^^^^^^^^^^^^^^^^^^^^^^^^^^^^^^^^^^^^^^^^^^^^^^^^^^^^^^^^^^^^^^^^^
  File "/local_disk0/.ephemeral_nfs/cluster_libraries/python/lib/python3.12/site-packages/sklearn/utils/_set_output.py", line 316, in wrapped
    data_to_wrap = f(self, X, *args, **kwargs)
                   ^^^^^^^^^^^^^^^^^^^^^^^^^^^
  File "/local_disk0/.ephemeral_nfs/cluster_libraries/python/lib/python3.12/site-packages/sklearn/base.py", line 1101, in fit_transform
    return self.fit(X, y, **fit_params).transform(X)
           ^^^^^^^^^^^^^^^^^^^^^^^^^^^^
  File "/Workspace/9900-f18a-cake/working_branch/src/mch/models/differentialMethylationClassifier.py", line 72, in fit
    results = self.runDifferentialMethylation(X, condition)
              ^^^^^^^^^^^^^^^^^^^^^^^^^^^^^^^^^^^^^^^^^^^^^
  File "/Workspace/9900-f18a-cake/working_branch/src/mch/models/differentialMethylationClassifier.py", line 102, in runDifferentialMethylation
    X = X.apply(pd.to_numeric, errors="coerce")
        ^^^^^^^
AttributeError: 'numpy.ndarray' object has no attribute 'apply'
2025-11-19 22:21:14,284 INFO mch.training: Only training specified node: Haematological malignancy
2025-11-19 22:21:14,286 INFO mch.training: Training model for node: Haematological malignancy
2025-11-19 22:21:27,418 INFO mch.training: Prefilter start: input shape=(108,600118), candidates=600117, topk=0, scan_max=5000, chunk_size=1000
2025-11-19 22:21:27,420 INFO mch.training: Prefilter bypass: kept=600117
2025-11-19 22:21:48,266 WARNING mch.training: Drop rare classes (<2 samples): Histiocytosis
2025-11-19 22:21:48,709 INFO mch.training: Train/Test shapes: X_train=(85, 600117), X_test=(22, 600117)
2025-11-19 22:21:48,711 INFO mch.training: DM enabled
2025-11-19 22:21:48,713 INFO mch.training: Pipeline steps: ['replace_inf', 'differentialMethylation', 'modelGeneration']
2025-11-19 22:21:48,714 WARNING mch.training: parameter_grid is None/empty, fit pipeline without grid search
2025-11-19 22:25:46,670 ERROR mch.training: Error training model for Haematological malignancy
Traceback (most recent call last):
  File "/Workspace/9900-f18a-cake/working_branch/src/mch/models/training.py", line 174, in train_all_models
    pipeline.fit(X_train, y_train)
  File "/databricks/python/lib/python3.12/site-packages/mlflow/utils/autologging_utils/safety.py", line 483, in safe_patch_function
    patch_function(call_original, *args, **kwargs)
  File "/databricks/python/lib/python3.12/site-packages/mlflow/utils/autologging_utils/safety.py", line 182, in patch_with_managed_run
    result = patch_function(original, *args, **kwargs)
             ^^^^^^^^^^^^^^^^^^^^^^^^^^^^^^^^^^^^^^^^^
  File "/databricks/python/lib/python3.12/site-packages/mlflow/sklearn/__init__.py", line 1655, in patched_fit
    result = fit_impl(original, self, *args, **kwargs)
             ^^^^^^^^^^^^^^^^^^^^^^^^^^^^^^^^^^^^^^^^^
  File "/databricks/python/lib/python3.12/site-packages/mlflow/sklearn/__init__.py", line 1430, in fit_mlflow
    fit_output = original(self, *args, **kwargs)
                 ^^^^^^^^^^^^^^^^^^^^^^^^^^^^^^^
  File "/databricks/python/lib/python3.12/site-packages/mlflow/utils/autologging_utils/safety.py", line 474, in call_original
    return call_original_fn_with_event_logging(_original_fn, og_args, og_kwargs)
           ^^^^^^^^^^^^^^^^^^^^^^^^^^^^^^^^^^^^^^^^^^^^^^^^^^^^^^^^^^^^^^^^^^^^^
  File "/databricks/python/lib/python3.12/site-packages/mlflow/utils/autologging_utils/safety.py", line 425, in call_original_fn_with_event_logging
    original_fn_result = original_fn(*og_args, **og_kwargs)
                         ^^^^^^^^^^^^^^^^^^^^^^^^^^^^^^^^^^
  File "/databricks/python/lib/python3.12/site-packages/mlflow/utils/autologging_utils/safety.py", line 471, in _original_fn
    original_result = original(*_og_args, **_og_kwargs)
                      ^^^^^^^^^^^^^^^^^^^^^^^^^^^^^^^^^
  File "/databricks/python_shell/lib/dbruntime/MLWorkloadsInstrumentation/_sklearn.py", line 29, in patch_function
    original_result = original(self, *args, **kwargs)
                      ^^^^^^^^^^^^^^^^^^^^^^^^^^^^^^^
  File "/local_disk0/.ephemeral_nfs/cluster_libraries/python/lib/python3.12/site-packages/sklearn/base.py", line 1473, in wrapper
    return fit_method(estimator, *args, **kwargs)
           ^^^^^^^^^^^^^^^^^^^^^^^^^^^^^^^^^^^^^^
  File "/local_disk0/.ephemeral_nfs/cluster_libraries/python/lib/python3.12/site-packages/sklearn/pipeline.py", line 469, in fit
    Xt = self._fit(X, y, routed_params)
         ^^^^^^^^^^^^^^^^^^^^^^^^^^^^^^
  File "/local_disk0/.ephemeral_nfs/cluster_libraries/python/lib/python3.12/site-packages/sklearn/pipeline.py", line 406, in _fit
    X, fitted_transformer = fit_transform_one_cached(
                            ^^^^^^^^^^^^^^^^^^^^^^^^^
  File "/databricks/python/lib/python3.12/site-packages/joblib/memory.py", line 312, in __call__
    return self.func(*args, **kwargs)
           ^^^^^^^^^^^^^^^^^^^^^^^^^^
  File "/local_disk0/.ephemeral_nfs/cluster_libraries/python/lib/python3.12/site-packages/sklearn/pipeline.py", line 1310, in _fit_transform_one
    res = transformer.fit_transform(X, y, **params.get("fit_transform", {}))
          ^^^^^^^^^^^^^^^^^^^^^^^^^^^^^^^^^^^^^^^^^^^^^^^^^^^^^^^^^^^^^^^^^^
  File "/local_disk0/.ephemeral_nfs/cluster_libraries/python/lib/python3.12/site-packages/sklearn/utils/_set_output.py", line 316, in wrapped
    data_to_wrap = f(self, X, *args, **kwargs)
                   ^^^^^^^^^^^^^^^^^^^^^^^^^^^
  File "/local_disk0/.ephemeral_nfs/cluster_libraries/python/lib/python3.12/site-packages/sklearn/base.py", line 1101, in fit_transform
    return self.fit(X, y, **fit_params).transform(X)
           ^^^^^^^^^^^^^^^^^^^^^^^^^^^^
  File "/Workspace/9900-f18a-cake/working_branch/src/mch/models/differentialMethylationClassifier.py", line 72, in fit
    results = self.runDifferentialMethylation(X, condition)
              ^^^^^^^^^^^^^^^^^^^^^^^^^^^^^^^^^^^^^^^^^^^^^
  File "/Workspace/9900-f18a-cake/working_branch/src/mch/models/differentialMethylationClassifier.py", line 129, in runDifferentialMethylation
    arrowData = self.convert_to_arrow(X)
                ^^^^^^^^^^^^^^^^^^^^^^^^
  File "/Workspace/9900-f18a-cake/working_branch/src/mch/models/differentialMethylationClassifier.py", line 204, in convert_to_arrow
    schema = pa.schema(schema_fields)
             ^^^^^^^^^^^^^^^^^^^^^^^^
  File "pyarrow/types.pxi", line 5096, in pyarrow.lib.schema
  File "pyarrow/types.pxi", line 3401, in pyarrow.lib.field
  File "<stringsource>", line 15, in string.from_py.__pyx_convert_string_from_py_std__in_string
TypeError: expected bytes, int found
2025-11-19 22:34:16,578 INFO mch.training: Only training specified node: Haematological malignancy
2025-11-19 22:34:16,581 INFO mch.training: Training model for node: Haematological malignancy
2025-11-19 22:34:29,736 INFO mch.training: Prefilter start: input shape=(108,600118), candidates=600117, topk=0, scan_max=5000, chunk_size=1000
2025-11-19 22:34:29,737 INFO mch.training: Prefilter bypass: kept=600117
2025-11-19 22:34:50,317 WARNING mch.training: Drop rare classes (<2 samples): Histiocytosis
2025-11-19 22:34:50,766 INFO mch.training: Train/Test shapes: X_train=(85, 600117), X_test=(22, 600117)
2025-11-19 22:34:50,768 INFO mch.training: DM enabled
2025-11-19 22:34:50,770 INFO mch.training: Pipeline steps: ['replace_inf', 'differentialMethylation', 'modelGeneration']
2025-11-19 22:34:50,771 WARNING mch.training: parameter_grid is None/empty, fit pipeline without grid search
2025-11-19 22:45:19,280 ERROR mch.training: Error training model for Haematological malignancy
Traceback (most recent call last):
  File "/Workspace/9900-f18a-cake/working_branch/src/mch/models/training.py", line 174, in train_all_models
    pipeline.fit(X_train, y_train)
  File "/databricks/python/lib/python3.12/site-packages/mlflow/utils/autologging_utils/safety.py", line 483, in safe_patch_function
    patch_function(call_original, *args, **kwargs)
  File "/databricks/python/lib/python3.12/site-packages/mlflow/utils/autologging_utils/safety.py", line 182, in patch_with_managed_run
    result = patch_function(original, *args, **kwargs)
             ^^^^^^^^^^^^^^^^^^^^^^^^^^^^^^^^^^^^^^^^^
  File "/databricks/python/lib/python3.12/site-packages/mlflow/sklearn/__init__.py", line 1655, in patched_fit
    result = fit_impl(original, self, *args, **kwargs)
             ^^^^^^^^^^^^^^^^^^^^^^^^^^^^^^^^^^^^^^^^^
  File "/databricks/python/lib/python3.12/site-packages/mlflow/sklearn/__init__.py", line 1430, in fit_mlflow
    fit_output = original(self, *args, **kwargs)
                 ^^^^^^^^^^^^^^^^^^^^^^^^^^^^^^^
  File "/databricks/python/lib/python3.12/site-packages/mlflow/utils/autologging_utils/safety.py", line 474, in call_original
    return call_original_fn_with_event_logging(_original_fn, og_args, og_kwargs)
           ^^^^^^^^^^^^^^^^^^^^^^^^^^^^^^^^^^^^^^^^^^^^^^^^^^^^^^^^^^^^^^^^^^^^^
  File "/databricks/python/lib/python3.12/site-packages/mlflow/utils/autologging_utils/safety.py", line 425, in call_original_fn_with_event_logging
    original_fn_result = original_fn(*og_args, **og_kwargs)
                         ^^^^^^^^^^^^^^^^^^^^^^^^^^^^^^^^^^
  File "/databricks/python/lib/python3.12/site-packages/mlflow/utils/autologging_utils/safety.py", line 471, in _original_fn
    original_result = original(*_og_args, **_og_kwargs)
                      ^^^^^^^^^^^^^^^^^^^^^^^^^^^^^^^^^
  File "/databricks/python_shell/lib/dbruntime/MLWorkloadsInstrumentation/_sklearn.py", line 29, in patch_function
    original_result = original(self, *args, **kwargs)
                      ^^^^^^^^^^^^^^^^^^^^^^^^^^^^^^^
  File "/local_disk0/.ephemeral_nfs/cluster_libraries/python/lib/python3.12/site-packages/sklearn/base.py", line 1473, in wrapper
    return fit_method(estimator, *args, **kwargs)
           ^^^^^^^^^^^^^^^^^^^^^^^^^^^^^^^^^^^^^^
  File "/local_disk0/.ephemeral_nfs/cluster_libraries/python/lib/python3.12/site-packages/sklearn/pipeline.py", line 469, in fit
    Xt = self._fit(X, y, routed_params)
         ^^^^^^^^^^^^^^^^^^^^^^^^^^^^^^
  File "/local_disk0/.ephemeral_nfs/cluster_libraries/python/lib/python3.12/site-packages/sklearn/pipeline.py", line 406, in _fit
    X, fitted_transformer = fit_transform_one_cached(
                            ^^^^^^^^^^^^^^^^^^^^^^^^^
  File "/databricks/python/lib/python3.12/site-packages/joblib/memory.py", line 312, in __call__
    return self.func(*args, **kwargs)
           ^^^^^^^^^^^^^^^^^^^^^^^^^^
  File "/local_disk0/.ephemeral_nfs/cluster_libraries/python/lib/python3.12/site-packages/sklearn/pipeline.py", line 1310, in _fit_transform_one
    res = transformer.fit_transform(X, y, **params.get("fit_transform", {}))
          ^^^^^^^^^^^^^^^^^^^^^^^^^^^^^^^^^^^^^^^^^^^^^^^^^^^^^^^^^^^^^^^^^^
  File "/local_disk0/.ephemeral_nfs/cluster_libraries/python/lib/python3.12/site-packages/sklearn/utils/_set_output.py", line 316, in wrapped
    data_to_wrap = f(self, X, *args, **kwargs)
                   ^^^^^^^^^^^^^^^^^^^^^^^^^^^
  File "/local_disk0/.ephemeral_nfs/cluster_libraries/python/lib/python3.12/site-packages/sklearn/base.py", line 1101, in fit_transform
    return self.fit(X, y, **fit_params).transform(X)
           ^^^^^^^^^^^^^^^^^^^^^^^^^^^^^^^^^^^^^^^^^
  File "/local_disk0/.ephemeral_nfs/cluster_libraries/python/lib/python3.12/site-packages/sklearn/utils/_set_output.py", line 316, in wrapped
    data_to_wrap = f(self, X, *args, **kwargs)
                   ^^^^^^^^^^^^^^^^^^^^^^^^^^^
  File "/Workspace/9900-f18a-cake/working_branch/src/mch/models/differentialMethylationClassifier.py", line 92, in transform
    X.columns = X.columns.astype(str)
                ^^^^^^^^^
AttributeError: 'numpy.ndarray' object has no attribute 'columns'
2025-11-19 22:50:51,405 INFO mch.training: Only training specified node: Haematological malignancy
2025-11-19 22:50:51,406 INFO mch.training: Training model for node: Haematological malignancy
2025-11-19 22:51:05,226 INFO mch.training: Prefilter start: input shape=(108,600118), candidates=600117, topk=0, scan_max=5000, chunk_size=1000
2025-11-19 22:51:05,227 INFO mch.training: Prefilter bypass: kept=600117
2025-11-19 22:51:26,601 WARNING mch.training: Drop rare classes (<2 samples): Histiocytosis
2025-11-19 22:51:27,034 INFO mch.training: Train/Test shapes: X_train=(85, 600117), X_test=(22, 600117)
2025-11-19 22:51:27,036 INFO mch.training: DM enabled
2025-11-19 22:51:27,037 INFO mch.training: Pipeline steps: ['replace_inf', 'differentialMethylation', 'modelGeneration']
2025-11-19 22:51:27,039 WARNING mch.training: parameter_grid is None/empty, fit pipeline without grid search
2025-11-19 23:03:40,263 INFO mch.training: Test accuracy: 0.8182, macro_f1: 0.3000, weighted_f1: 0.7773
2025-11-19 23:03:40,268 INFO mch.training: Model trained for Haematological malignancy, not saved
2025-11-20 11:28:34,095 INFO mch.training: Only training specified node: Haematological malignancy
2025-11-20 11:28:34,096 INFO mch.training: Training model for node: Haematological malignancy
2025-11-20 11:45:07,141 INFO mch.training: Only training specified node: Haematological malignancy
2025-11-20 11:45:07,143 INFO mch.training: Training model for node: Haematological malignancy
2025-11-20 11:47:47,317 INFO mch.training: Training model for node: Neuroblastoma
2025-11-20 11:47:53,605 INFO mch.training: Training model for node: Vascular/lymphatic anomalies
2025-11-20 11:48:00,290 INFO mch.training: Training model for node: Haematological malignancy
2025-11-20 11:48:20,951 INFO mch.training: Training model for node: Sarcoma
2025-11-20 11:48:28,084 INFO mch.training: Training model for node: Solid tumour
2025-11-20 11:48:34,817 INFO mch.training: Training model for node: Central nervous system
2025-11-20 11:48:41,166 INFO mch.training: Training model for node: Overgrowth syndrome
2025-11-20 11:57:09,532 INFO mch.training: Training model for node: Neuroblastoma
2025-11-20 11:57:15,387 INFO mch.training: Training model for node: Vascular/lymphatic anomalies
2025-11-20 11:57:21,723 INFO mch.training: Training model for node: Haematological malignancy
2025-11-20 11:57:42,539 INFO mch.training: Training model for node: Sarcoma
2025-11-20 11:57:49,817 INFO mch.training: Training model for node: Solid tumour
2025-11-20 11:57:56,262 INFO mch.training: Training model for node: Central nervous system
2025-11-20 11:58:02,980 INFO mch.training: Training model for node: Overgrowth syndrome
2025-11-20 12:05:42,211 INFO mch.training: Training model for node: Neuroblastoma
2025-11-20 12:08:34,575 INFO mch.training: Training model for node: Neuroblastoma
2025-11-20 12:08:40,693 INFO mch.training: Training model for node: Vascular/lymphatic anomalies
2025-11-20 12:08:47,337 INFO mch.training: Training model for node: Haematological malignancy
2025-11-20 12:09:08,560 INFO mch.training: Training model for node: Sarcoma
2025-11-20 12:09:15,520 INFO mch.training: Training model for node: Solid tumour
2025-11-20 12:09:22,127 INFO mch.training: Training model for node: Central nervous system
2025-11-20 12:09:28,361 INFO mch.training: Training model for node: Overgrowth syndrome
2025-11-20 12:16:49,100 INFO mch.training: Training model for node: Neuroblastoma
2025-11-20 12:16:55,410 INFO mch.training: Training model for node: Vascular/lymphatic anomalies
2025-11-20 12:17:01,868 INFO mch.training: Training model for node: Haematological malignancy
2025-11-20 12:17:23,054 INFO mch.training: Training model for node: Sarcoma
2025-11-20 12:17:30,460 INFO mch.training: Training model for node: Solid tumour
2025-11-20 12:17:37,049 INFO mch.training: Training model for node: Central nervous system
2025-11-20 12:17:44,116 INFO mch.training: Training model for node: Overgrowth syndrome
2025-11-20 12:20:31,460 INFO mch.training: Training model for node: Neuroblastoma
2025-11-20 12:44:54,788 INFO mch.training: Training model for node: Neuroblastoma
2025-11-20 12:45:23,407 INFO mch.training: Training model for node: Vascular/lymphatic anomalies
2025-11-20 12:45:38,790 INFO mch.training: Training model for node: Haematological malignancy
2025-11-20 12:46:03,953 INFO mch.training: Prefilter start: input shape=(482,600118), candidates=600117, topk=0, scan_max=5000, chunk_size=1000
2025-11-20 12:46:03,955 INFO mch.training: Prefilter bypass: kept=600117
2025-11-20 12:46:37,335 INFO mch.training: Train/Test shapes: X_train=(385, 600117), X_test=(97, 600117)
2025-11-20 12:46:37,336 INFO mch.training: DM enabled
2025-11-20 12:46:37,337 INFO mch.training: Pipeline steps: ['replace_inf', 'differentialMethylation', 'modelGeneration']
2025-11-20 12:46:37,339 WARNING mch.training: parameter_grid is None/empty, fit pipeline without grid search
2025-11-20 13:15:00,826 INFO mch.training: Test accuracy: 0.9588, macro_f1: 0.7231, weighted_f1: 0.9487
2025-11-20 13:15:00,832 INFO mch.training: Model trained for Haematological malignancy, not saved
2025-11-20 13:15:00,834 INFO mch.training: Training model for node: Sarcoma
2025-11-20 13:15:26,116 INFO mch.training: Prefilter start: input shape=(392,600118), candidates=600117, topk=0, scan_max=5000, chunk_size=1000
2025-11-20 13:15:26,118 INFO mch.training: Prefilter bypass: kept=600117
2025-11-20 13:15:54,227 INFO mch.training: Train/Test shapes: X_train=(313, 600117), X_test=(79, 600117)
2025-11-20 13:15:54,229 INFO mch.training: DM enabled
2025-11-20 13:15:54,230 INFO mch.training: Pipeline steps: ['replace_inf', 'differentialMethylation', 'modelGeneration']
2025-11-20 13:15:54,231 WARNING mch.training: parameter_grid is None/empty, fit pipeline without grid search
2025-11-20 13:53:43,002 INFO mch.training: Test accuracy: 0.8608, macro_f1: 0.5141, weighted_f1: 0.8460
2025-11-20 13:53:43,015 INFO mch.training: Model trained for Sarcoma, not saved
2025-11-20 13:53:43,017 INFO mch.training: Training model for node: Solid tumour
2025-11-20 13:54:08,928 INFO mch.training: Prefilter start: input shape=(208,600118), candidates=600117, topk=0, scan_max=5000, chunk_size=1000
2025-11-20 13:54:08,929 INFO mch.training: Prefilter bypass: kept=600117
2025-11-20 13:54:34,287 INFO mch.training: Train/Test shapes: X_train=(166, 600117), X_test=(42, 600117)
2025-11-20 13:54:34,289 INFO mch.training: DM enabled
2025-11-20 13:54:34,290 INFO mch.training: Pipeline steps: ['replace_inf', 'differentialMethylation', 'modelGeneration']
2025-11-20 13:54:34,292 WARNING mch.training: parameter_grid is None/empty, fit pipeline without grid search
2025-11-21 01:40:03,383 INFO mch.training: Training model for node: Neuroblastoma
2025-11-21 01:40:21,315 INFO mch.training: Training model for node: Vascular/lymphatic anomalies
2025-11-21 01:40:27,888 INFO mch.training: Training model for node: Haematological malignancy
2025-11-21 01:40:43,435 INFO mch.training: Prefilter start: input shape=(108,600118), candidates=600117, topk=0, scan_max=5000, chunk_size=1000
2025-11-21 01:40:43,437 INFO mch.training: Prefilter bypass: kept=600117
2025-11-21 01:41:07,606 WARNING mch.training: Drop rare classes (<2 samples): Histiocytosis
2025-11-21 01:41:08,545 INFO mch.training: Train/Test shapes: X_train=(85, 600117), X_test=(22, 600117)
2025-11-21 01:41:08,546 INFO mch.training: DM enabled
2025-11-21 01:41:08,547 INFO mch.training: Pipeline steps: ['replace_inf', 'differentialMethylation', 'modelGeneration']
2025-11-21 01:44:42,467 ERROR mch.training: Error training model for Haematological malignancy
Traceback (most recent call last):
  File "/Workspace/9900-f18a-cake/working_branch/src/mch/models/training.py", line 220, in train_all_models
    search.fit(X_train, y_train)
  File "/databricks/python/lib/python3.12/site-packages/mlflow/utils/autologging_utils/safety.py", line 483, in safe_patch_function
    patch_function(call_original, *args, **kwargs)
  File "/databricks/python/lib/python3.12/site-packages/mlflow/utils/autologging_utils/safety.py", line 182, in patch_with_managed_run
    result = patch_function(original, *args, **kwargs)
             ^^^^^^^^^^^^^^^^^^^^^^^^^^^^^^^^^^^^^^^^^
  File "/databricks/python/lib/python3.12/site-packages/mlflow/sklearn/__init__.py", line 1655, in patched_fit
    result = fit_impl(original, self, *args, **kwargs)
             ^^^^^^^^^^^^^^^^^^^^^^^^^^^^^^^^^^^^^^^^^
  File "/databricks/python/lib/python3.12/site-packages/mlflow/sklearn/__init__.py", line 1430, in fit_mlflow
    fit_output = original(self, *args, **kwargs)
                 ^^^^^^^^^^^^^^^^^^^^^^^^^^^^^^^
  File "/databricks/python/lib/python3.12/site-packages/mlflow/utils/autologging_utils/safety.py", line 474, in call_original
    return call_original_fn_with_event_logging(_original_fn, og_args, og_kwargs)
           ^^^^^^^^^^^^^^^^^^^^^^^^^^^^^^^^^^^^^^^^^^^^^^^^^^^^^^^^^^^^^^^^^^^^^
  File "/databricks/python/lib/python3.12/site-packages/mlflow/utils/autologging_utils/safety.py", line 425, in call_original_fn_with_event_logging
    original_fn_result = original_fn(*og_args, **og_kwargs)
                         ^^^^^^^^^^^^^^^^^^^^^^^^^^^^^^^^^^
  File "/databricks/python/lib/python3.12/site-packages/mlflow/utils/autologging_utils/safety.py", line 471, in _original_fn
    original_result = original(*_og_args, **_og_kwargs)
                      ^^^^^^^^^^^^^^^^^^^^^^^^^^^^^^^^^
  File "/databricks/python_shell/lib/dbruntime/MLWorkloadsInstrumentation/_sklearn.py", line 29, in patch_function
    original_result = original(self, *args, **kwargs)
                      ^^^^^^^^^^^^^^^^^^^^^^^^^^^^^^^
  File "/local_disk0/.ephemeral_nfs/cluster_libraries/python/lib/python3.12/site-packages/sklearn/base.py", line 1473, in wrapper
    return fit_method(estimator, *args, **kwargs)
           ^^^^^^^^^^^^^^^^^^^^^^^^^^^^^^^^^^^^^^
  File "/local_disk0/.ephemeral_nfs/cluster_libraries/python/lib/python3.12/site-packages/sklearn/model_selection/_search.py", line 1019, in fit
    self._run_search(evaluate_candidates)
  File "/local_disk0/.ephemeral_nfs/cluster_libraries/python/lib/python3.12/site-packages/sklearn/model_selection/_search.py", line 1573, in _run_search
    evaluate_candidates(ParameterGrid(self.param_grid))
  File "/local_disk0/.ephemeral_nfs/cluster_libraries/python/lib/python3.12/site-packages/sklearn/model_selection/_search.py", line 965, in evaluate_candidates
    out = parallel(
          ^^^^^^^^^
  File "/local_disk0/.ephemeral_nfs/cluster_libraries/python/lib/python3.12/site-packages/sklearn/utils/parallel.py", line 74, in __call__
    return super().__call__(iterable_with_config)
           ^^^^^^^^^^^^^^^^^^^^^^^^^^^^^^^^^^^^^^
  File "/databricks/python/lib/python3.12/site-packages/joblib/parallel.py", line 1918, in __call__
    return output if self.return_generator else list(output)
                                                ^^^^^^^^^^^^
  File "/databricks/python/lib/python3.12/site-packages/joblib/parallel.py", line 1847, in _get_sequential_output
    res = func(*args, **kwargs)
          ^^^^^^^^^^^^^^^^^^^^^
  File "/local_disk0/.ephemeral_nfs/cluster_libraries/python/lib/python3.12/site-packages/sklearn/utils/parallel.py", line 136, in __call__
    return self.function(*args, **kwargs)
           ^^^^^^^^^^^^^^^^^^^^^^^^^^^^^^
  File "/local_disk0/.ephemeral_nfs/cluster_libraries/python/lib/python3.12/site-packages/sklearn/model_selection/_validation.py", line 876, in _fit_and_score
    estimator = estimator.set_params(**clone(parameters, safe=False))
                ^^^^^^^^^^^^^^^^^^^^^^^^^^^^^^^^^^^^^^^^^^^^^^^^^^^^^
  File "/local_disk0/.ephemeral_nfs/cluster_libraries/python/lib/python3.12/site-packages/sklearn/pipeline.py", line 237, in set_params
    self._set_params("steps", **kwargs)
  File "/local_disk0/.ephemeral_nfs/cluster_libraries/python/lib/python3.12/site-packages/sklearn/utils/metaestimators.py", line 69, in _set_params
    super().set_params(**params)
  File "/local_disk0/.ephemeral_nfs/cluster_libraries/python/lib/python3.12/site-packages/sklearn/base.py", line 279, in set_params
    raise ValueError(
ValueError: Invalid parameter 'modelRefinement' for estimator Pipeline(steps=[('replace_inf',
                 FunctionTransformer(func=<function _replace_inf at 0x7f8544f0a2a0>)),
                ('differentialMethylation', DifferentialMethylation()),
                ('modelGeneration',
                 RandomForestClassifier(max_depth=10, n_estimators=50, n_jobs=1,
                                        random_state=42))]). Valid parameters are: ['memory', 'steps', 'verbose'].
2025-11-21 01:48:56,026 INFO mch.training: Training model for node: Neuroblastoma
2025-11-21 01:49:12,405 INFO mch.training: Training model for node: Vascular/lymphatic anomalies
2025-11-21 01:49:19,151 INFO mch.training: Training model for node: Haematological malignancy
2025-11-21 01:49:33,455 INFO mch.training: Prefilter start: input shape=(108,600118), candidates=600117, topk=0, scan_max=5000, chunk_size=1000
2025-11-21 01:49:33,456 INFO mch.training: Prefilter bypass: kept=600117
2025-11-21 01:49:56,325 WARNING mch.training: Drop rare classes (<2 samples): Histiocytosis
2025-11-21 01:49:56,886 INFO mch.training: Train/Test shapes: X_train=(85, 600117), X_test=(22, 600117)
2025-11-21 01:49:56,887 INFO mch.training: DM enabled
2025-11-21 01:49:56,888 INFO mch.training: Pipeline steps: ['replace_inf', 'differentialMethylation', 'modelGeneration']
2025-11-21 01:49:56,891 ERROR mch.training: Error training model for Haematological malignancy
Traceback (most recent call last):
  File "/Workspace/9900-f18a-cake/working_branch/src/mch/models/training.py", line 215, in train_all_models
    cv=stratified_cv,
       ^^^^^^^^^^^^^
NameError: name 'stratified_cv' is not defined
2025-11-21 01:53:44,731 INFO mch.training: Training model for node: Neuroblastoma
2025-11-21 01:54:01,282 INFO mch.training: Training model for node: Vascular/lymphatic anomalies
2025-11-21 01:54:08,183 INFO mch.training: Training model for node: Haematological malignancy
2025-11-21 01:54:22,934 INFO mch.training: Prefilter start: input shape=(108,600118), candidates=600117, topk=0, scan_max=5000, chunk_size=1000
2025-11-21 01:54:22,936 INFO mch.training: Prefilter bypass: kept=600117
2025-11-21 01:54:46,486 WARNING mch.training: Drop rare classes (<2 samples): Histiocytosis
2025-11-21 01:54:47,089 INFO mch.training: Train/Test shapes: X_train=(85, 600117), X_test=(22, 600117)
2025-11-21 01:54:47,090 INFO mch.training: DM enabled
2025-11-21 01:54:47,092 INFO mch.training: Pipeline steps: ['replace_inf', 'differentialMethylation', 'modelGeneration']
2025-11-21 01:58:00,901 ERROR mch.training: Error training model for Haematological malignancy
Traceback (most recent call last):
  File "/Workspace/9900-f18a-cake/working_branch/src/mch/models/training.py", line 220, in train_all_models
    search.fit(X_train, y_train)
  File "/databricks/python/lib/python3.12/site-packages/mlflow/utils/autologging_utils/safety.py", line 483, in safe_patch_function
    patch_function(call_original, *args, **kwargs)
  File "/databricks/python/lib/python3.12/site-packages/mlflow/utils/autologging_utils/safety.py", line 182, in patch_with_managed_run
    result = patch_function(original, *args, **kwargs)
             ^^^^^^^^^^^^^^^^^^^^^^^^^^^^^^^^^^^^^^^^^
  File "/databricks/python/lib/python3.12/site-packages/mlflow/sklearn/__init__.py", line 1655, in patched_fit
    result = fit_impl(original, self, *args, **kwargs)
             ^^^^^^^^^^^^^^^^^^^^^^^^^^^^^^^^^^^^^^^^^
  File "/databricks/python/lib/python3.12/site-packages/mlflow/sklearn/__init__.py", line 1430, in fit_mlflow
    fit_output = original(self, *args, **kwargs)
                 ^^^^^^^^^^^^^^^^^^^^^^^^^^^^^^^
  File "/databricks/python/lib/python3.12/site-packages/mlflow/utils/autologging_utils/safety.py", line 474, in call_original
    return call_original_fn_with_event_logging(_original_fn, og_args, og_kwargs)
           ^^^^^^^^^^^^^^^^^^^^^^^^^^^^^^^^^^^^^^^^^^^^^^^^^^^^^^^^^^^^^^^^^^^^^
  File "/databricks/python/lib/python3.12/site-packages/mlflow/utils/autologging_utils/safety.py", line 425, in call_original_fn_with_event_logging
    original_fn_result = original_fn(*og_args, **og_kwargs)
                         ^^^^^^^^^^^^^^^^^^^^^^^^^^^^^^^^^^
  File "/databricks/python/lib/python3.12/site-packages/mlflow/utils/autologging_utils/safety.py", line 471, in _original_fn
    original_result = original(*_og_args, **_og_kwargs)
                      ^^^^^^^^^^^^^^^^^^^^^^^^^^^^^^^^^
  File "/databricks/python_shell/lib/dbruntime/MLWorkloadsInstrumentation/_sklearn.py", line 29, in patch_function
    original_result = original(self, *args, **kwargs)
                      ^^^^^^^^^^^^^^^^^^^^^^^^^^^^^^^
  File "/local_disk0/.ephemeral_nfs/cluster_libraries/python/lib/python3.12/site-packages/sklearn/base.py", line 1473, in wrapper
    return fit_method(estimator, *args, **kwargs)
           ^^^^^^^^^^^^^^^^^^^^^^^^^^^^^^^^^^^^^^
  File "/local_disk0/.ephemeral_nfs/cluster_libraries/python/lib/python3.12/site-packages/sklearn/model_selection/_search.py", line 1019, in fit
    self._run_search(evaluate_candidates)
  File "/local_disk0/.ephemeral_nfs/cluster_libraries/python/lib/python3.12/site-packages/sklearn/model_selection/_search.py", line 1573, in _run_search
    evaluate_candidates(ParameterGrid(self.param_grid))
  File "/local_disk0/.ephemeral_nfs/cluster_libraries/python/lib/python3.12/site-packages/sklearn/model_selection/_search.py", line 965, in evaluate_candidates
    out = parallel(
          ^^^^^^^^^
  File "/local_disk0/.ephemeral_nfs/cluster_libraries/python/lib/python3.12/site-packages/sklearn/utils/parallel.py", line 74, in __call__
    return super().__call__(iterable_with_config)
           ^^^^^^^^^^^^^^^^^^^^^^^^^^^^^^^^^^^^^^
  File "/databricks/python/lib/python3.12/site-packages/joblib/parallel.py", line 1918, in __call__
    return output if self.return_generator else list(output)
                                                ^^^^^^^^^^^^
  File "/databricks/python/lib/python3.12/site-packages/joblib/parallel.py", line 1847, in _get_sequential_output
    res = func(*args, **kwargs)
          ^^^^^^^^^^^^^^^^^^^^^
  File "/local_disk0/.ephemeral_nfs/cluster_libraries/python/lib/python3.12/site-packages/sklearn/utils/parallel.py", line 136, in __call__
    return self.function(*args, **kwargs)
           ^^^^^^^^^^^^^^^^^^^^^^^^^^^^^^
  File "/local_disk0/.ephemeral_nfs/cluster_libraries/python/lib/python3.12/site-packages/sklearn/model_selection/_validation.py", line 876, in _fit_and_score
    estimator = estimator.set_params(**clone(parameters, safe=False))
                ^^^^^^^^^^^^^^^^^^^^^^^^^^^^^^^^^^^^^^^^^^^^^^^^^^^^^
  File "/local_disk0/.ephemeral_nfs/cluster_libraries/python/lib/python3.12/site-packages/sklearn/pipeline.py", line 237, in set_params
    self._set_params("steps", **kwargs)
  File "/local_disk0/.ephemeral_nfs/cluster_libraries/python/lib/python3.12/site-packages/sklearn/utils/metaestimators.py", line 69, in _set_params
    super().set_params(**params)
  File "/local_disk0/.ephemeral_nfs/cluster_libraries/python/lib/python3.12/site-packages/sklearn/base.py", line 279, in set_params
    raise ValueError(
ValueError: Invalid parameter 'modelRefinement' for estimator Pipeline(steps=[('replace_inf',
                 FunctionTransformer(func=<function _replace_inf at 0x7f7ec96e31a0>)),
                ('differentialMethylation', DifferentialMethylation()),
                ('modelGeneration',
                 RandomForestClassifier(max_depth=10, n_estimators=50, n_jobs=1,
                                        random_state=42))]). Valid parameters are: ['memory', 'steps', 'verbose'].
2025-11-21 02:20:41,927 INFO mch.training: Training model for node: Neuroblastoma
2025-11-21 02:20:59,496 INFO mch.training: Training model for node: Vascular/lymphatic anomalies
2025-11-21 02:21:06,506 INFO mch.training: Training model for node: Haematological malignancy
2025-11-21 02:21:21,943 INFO mch.training: Prefilter start: input shape=(108,600118), candidates=600117, topk=0, scan_max=5000, chunk_size=1000
2025-11-21 02:21:21,945 INFO mch.training: Prefilter bypass: kept=600117
2025-11-21 02:21:46,004 WARNING mch.training: Drop rare classes (<2 samples): Histiocytosis
2025-11-21 02:21:46,680 INFO mch.training: Train/Test shapes: X_train=(85, 600117), X_test=(22, 600117)
2025-11-21 02:21:46,681 INFO mch.training: DM enabled
2025-11-21 02:21:46,682 INFO mch.training: Pipeline steps: ['replace_inf', 'differentialMethylation', 'modelGeneration']
2025-11-21 02:50:42,994 INFO mch.training: Training model for node: Neuroblastoma
2025-11-21 02:51:01,225 INFO mch.training: Training model for node: Vascular/lymphatic anomalies
2025-11-21 02:54:00,585 INFO mch.training: Training model for node: Neuroblastoma
2025-11-21 02:54:18,777 INFO mch.training: Training model for node: Vascular/lymphatic anomalies
2025-11-21 02:54:26,017 INFO mch.training: Training model for node: Haematological malignancy
2025-11-21 02:54:41,905 INFO mch.training: Prefilter start: input shape=(108,600118), candidates=600117, topk=0, scan_max=5000, chunk_size=1000
2025-11-21 02:54:41,907 INFO mch.training: Prefilter bypass: kept=600117
2025-11-21 02:55:05,984 WARNING mch.training: Drop rare classes (<2 samples): Histiocytosis
2025-11-21 02:55:06,611 INFO mch.training: Train/Test shapes: X_train=(85, 600117), X_test=(22, 600117)
2025-11-21 02:55:06,613 INFO mch.training: DM enabled
2025-11-21 02:55:06,614 INFO mch.training: Pipeline steps: ['replace_inf', 'differentialMethylation', 'modelGeneration']
2025-11-21 03:20:47,514 INFO mch.training: Training model for node: Neuroblastoma
2025-11-21 03:21:13,140 INFO mch.training: Training model for node: Vascular/lymphatic anomalies
2025-11-21 03:21:26,568 INFO mch.training: Training model for node: Haematological malignancy
2025-11-21 03:21:44,385 INFO mch.training: Prefilter start: input shape=(108,600118), candidates=600117, topk=0, scan_max=5000, chunk_size=1000
2025-11-21 03:21:44,390 INFO mch.training: Prefilter bypass: kept=600117
2025-11-21 03:22:28,300 WARNING mch.training: Drop rare classes (<2 samples): Histiocytosis
2025-11-21 03:22:29,003 INFO mch.training: Train/Test shapes: X_train=(85, 600117), X_test=(22, 600117)
2025-11-21 03:22:29,005 INFO mch.training: DM enabled
2025-11-21 03:22:29,006 INFO mch.training: Pipeline steps: ['replace_inf', 'differentialMethylation', 'modelGeneration']
2025-11-22 05:01:32,826 INFO mch.training: Training model for node: Neuroblastoma
2025-11-22 05:01:48,811 INFO mch.training: Training model for node: Vascular/lymphatic anomalies
2025-11-22 05:01:55,449 INFO mch.training: Training model for node: Haematological malignancy
2025-11-22 05:02:09,099 INFO mch.training: Prefilter start: input shape=(108,600118), candidates=600117, topk=0, scan_max=5000, chunk_size=1000
2025-11-22 05:02:09,101 INFO mch.training: Prefilter bypass: kept=600117
2025-11-22 05:02:30,529 WARNING mch.training: Drop rare classes (<2 samples): Histiocytosis
2025-11-22 05:02:31,183 INFO mch.training: Train/Test shapes: X_train=(85, 600117), X_test=(22, 600117)
2025-11-22 05:02:31,184 INFO mch.training: DM enabled
2025-11-22 05:02:31,185 INFO mch.training: Pipeline steps: ['replace_inf', 'differentialMethylation', 'modelGeneration']
2025-11-22 06:17:50,573 INFO mch.training: [GS] Test accuracy: 0.8182, macro_f1: 0.3000, weighted_f1: 0.7773
2025-11-22 06:17:50,580 INFO mch.training: Model trained for Haematological malignancy, not saved
2025-11-22 06:17:50,581 INFO mch.training: Training model for node: Sarcoma
2025-11-22 06:18:04,309 INFO mch.training: Prefilter start: input shape=(80,600118), candidates=600117, topk=0, scan_max=5000, chunk_size=1000
2025-11-22 06:18:04,310 INFO mch.training: Prefilter bypass: kept=600117
2025-11-22 06:18:25,445 WARNING mch.training: Drop rare classes (<2 samples): Liver tumour, Sarcoma
2025-11-22 06:18:26,012 INFO mch.training: Train/Test shapes: X_train=(63, 600117), X_test=(16, 600117)
2025-11-22 06:18:26,013 INFO mch.training: DM enabled
2025-11-22 06:18:26,014 INFO mch.training: Pipeline steps: ['replace_inf', 'differentialMethylation', 'modelGeneration']
2025-11-22 08:16:19,956 INFO mch.training: [GS] Test accuracy: 0.1250, macro_f1: 0.1000, weighted_f1: 0.1146
2025-11-22 08:16:19,963 INFO mch.training: Model trained for Sarcoma, not saved
2025-11-22 08:16:19,965 INFO mch.training: Training model for node: Solid tumour
2025-11-22 08:16:34,714 INFO mch.training: Prefilter start: input shape=(48,600118), candidates=600117, topk=0, scan_max=5000, chunk_size=1000
2025-11-22 08:16:34,716 INFO mch.training: Prefilter bypass: kept=600117
2025-11-22 08:16:55,737 INFO mch.training: Train/Test shapes: X_train=(38, 600117), X_test=(10, 600117)
2025-11-22 08:16:55,739 INFO mch.training: DM enabled
2025-11-22 08:16:55,740 INFO mch.training: Pipeline steps: ['replace_inf', 'differentialMethylation', 'modelGeneration']
2025-11-22 08:36:44,972 INFO mch.training: Only training specified node: Haematological malignancy
2025-11-22 08:36:44,974 INFO mch.training: Training model for node: Haematological malignancy
2025-11-22 08:36:58,247 INFO mch.training: Prefilter start: input shape=(108,600118), candidates=600117, topk=0, scan_max=5000, chunk_size=1000
2025-11-22 08:36:58,249 INFO mch.training: Prefilter bypass: kept=600117
2025-11-22 08:37:19,997 WARNING mch.training: Drop rare classes (<2 samples): Histiocytosis
2025-11-22 08:37:20,459 INFO mch.training: Train/Test shapes: X_train=(85, 600117), X_test=(22, 600117)
2025-11-22 08:37:20,461 INFO mch.training: DM enabled
2025-11-22 08:37:20,462 INFO mch.training: Pipeline steps: ['replace_inf', 'differentialMethylation', 'modelGeneration']
2025-11-22 09:54:08,185 INFO mch.training: [GS] Test accuracy: 0.8182, macro_f1: 0.3000, weighted_f1: 0.7773
2025-11-22 09:54:08,193 INFO mch.training: Model trained for Haematological malignancy, not saved
2025-11-23 13:04:59,898 INFO mch.training: Only training specified node: Leukaemia
2025-11-23 13:04:59,898 INFO mch.training: Only training specified node: Myelodysplastic_syndrome
2025-11-23 13:04:59,906 INFO mch.training: Only training specified node: Lymphoma
2025-11-23 13:11:27,090 INFO mch.training: Only training specified node: Leukaemia
2025-11-23 13:26:21,148 INFO mch.training: Only training specified node: Haematological malignancy
2025-11-23 13:26:21,149 INFO mch.training: Training model for node: Haematological malignancy
2025-11-23 13:26:34,541 INFO mch.training: Prefilter start: input shape=(108,600118), candidates=600117, topk=0, scan_max=20000, chunk_size=5000
2025-11-23 13:26:34,543 INFO mch.training: Prefilter bypass: kept=600117
2025-11-23 13:26:55,819 WARNING mch.training: Drop rare classes (<2 samples): Histiocytosis
2025-11-23 13:26:56,270 INFO mch.training: Train/Test shapes: X_train=(85, 600117), X_test=(22, 600117)
2025-11-23 13:26:56,272 INFO mch.training: DM enabled
2025-11-23 13:26:56,273 INFO mch.training: Pipeline steps: ['replace_inf', 'differentialMethylation', 'modelGeneration']
2025-11-23 13:28:49,563 INFO mch.training: Only training specified node: Haematological malignancy
2025-11-23 13:28:49,564 INFO mch.training: Training model for node: Haematological malignancy
2025-11-23 13:29:02,510 INFO mch.training: Prefilter start: input shape=(108,600118), candidates=600117, topk=200, scan_max=20000, chunk_size=5000
2025-11-23 13:29:02,905 INFO mch.training: Prefilter progress: scanned 5000/20000 columns
2025-11-23 13:29:03,264 INFO mch.training: Prefilter progress: scanned 10000/20000 columns
2025-11-23 13:29:03,620 INFO mch.training: Prefilter progress: scanned 15000/20000 columns
2025-11-23 13:29:03,980 INFO mch.training: Prefilter progress: scanned 20000/20000 columns
2025-11-23 13:29:04,348 INFO mch.training: Prefilter done: kept 200 features
2025-11-23 13:29:04,363 WARNING mch.training: Drop rare classes (<2 samples): Histiocytosis
2025-11-23 13:29:04,368 INFO mch.training: Train/Test shapes: X_train=(85, 200), X_test=(22, 200)
2025-11-23 13:29:04,370 INFO mch.training: DM disabled
2025-11-23 13:29:04,370 INFO mch.training: Pipeline steps: ['modelGeneration']
2025-11-23 13:29:04,371 INFO mch.training: Pipeline steps: ['modelGeneration']
2025-11-23 13:29:05,944 INFO mch.training: [GS] Test accuracy: 0.8636, macro_f1: 0.3089, weighted_f1: 0.8004
2025-11-23 13:29:05,952 INFO mch.training: Model trained for Haematological malignancy, not saved
2025-11-23 13:32:48,475 INFO mch.training: Only training specified node: Leukaemia
2025-11-23 13:43:48,318 INFO mch.training: Only training specified node: Myeloproliferative neoplasm
2025-11-23 13:43:48,381 INFO mch.training: Only training specified node: Leukaemia
2025-11-23 13:43:48,971 INFO mch.training: Only training specified node: Acute myeloid leukaemia
2025-11-23 13:58:50,917 INFO mch.training: Only training specified node: Haematological_malignancy
2025-11-23 14:04:01,771 INFO mch.training: Only training specified node: Haematological_malignancy
2025-11-23 14:12:50,779 INFO mch.training: Only training specified node: Haematological malignancy
2025-11-23 14:12:50,780 INFO mch.training: Training model for node: Haematological malignancy
2025-11-23 14:13:04,502 INFO mch.training: Prefilter start: input shape=(108,600118), candidates=600117, topk=0, scan_max=20000, chunk_size=5000
2025-11-23 14:13:04,503 INFO mch.training: Prefilter bypass: kept=600117
2025-11-23 14:13:25,218 WARNING mch.training: Drop rare classes (<2 samples): Histiocytosis
2025-11-23 14:13:25,665 INFO mch.training: Train/Test shapes: X_train=(85, 600117), X_test=(22, 600117)
2025-11-23 14:13:25,666 INFO mch.training: DM enabled
2025-11-23 14:13:25,667 INFO mch.training: Pipeline steps: ['replace_inf', 'differentialMethylation', 'modelGeneration']
2025-11-23 15:28:25,672 INFO mch.training: [GS] Test accuracy: 0.8182, macro_f1: 0.3000, weighted_f1: 0.7773
2025-11-23 15:28:25,680 INFO mch.training: Model trained for Haematological malignancy, not saved
2025-11-23 15:36:48,739 INFO mch.training: Training model for node: Neuroblastoma
2025-11-23 15:37:05,052 INFO mch.training: Training model for node: Vascular/lymphatic anomalies
2025-11-23 15:37:11,938 INFO mch.training: Training model for node: Haematological malignancy
2025-11-23 15:37:26,019 INFO mch.training: Prefilter start: input shape=(108,600118), candidates=600117, topk=0, scan_max=20000, chunk_size=5000
2025-11-23 15:37:26,020 INFO mch.training: Prefilter bypass: kept=600117
2025-11-23 15:37:47,540 WARNING mch.training: Drop rare classes (<2 samples): Histiocytosis
2025-11-23 15:37:47,987 INFO mch.training: Train/Test shapes: X_train=(85, 600117), X_test=(22, 600117)
2025-11-23 15:37:47,989 INFO mch.training: DM enabled
2025-11-23 15:37:47,990 INFO mch.training: Pipeline steps: ['replace_inf', 'differentialMethylation', 'modelGeneration']
2025-11-23 16:52:38,842 INFO mch.training: [GS] Test accuracy: 0.8182, macro_f1: 0.3000, weighted_f1: 0.7773
2025-11-23 16:52:38,849 INFO mch.training: Model trained for Haematological malignancy, not saved
2025-11-23 16:52:38,850 INFO mch.training: Training model for node: Sarcoma
2025-11-23 16:52:52,761 INFO mch.training: Prefilter start: input shape=(80,600118), candidates=600117, topk=0, scan_max=20000, chunk_size=5000
2025-11-23 16:52:52,763 INFO mch.training: Prefilter bypass: kept=600117
2025-11-23 16:53:13,155 WARNING mch.training: Drop rare classes (<2 samples): Liver tumour, Sarcoma
2025-11-23 16:53:13,551 INFO mch.training: Train/Test shapes: X_train=(63, 600117), X_test=(16, 600117)
2025-11-23 16:53:13,553 INFO mch.training: DM enabled
2025-11-23 16:53:13,553 INFO mch.training: Pipeline steps: ['replace_inf', 'differentialMethylation', 'modelGeneration']
2025-11-23 18:52:34,166 INFO mch.training: [GS] Test accuracy: 0.1250, macro_f1: 0.1000, weighted_f1: 0.1146
2025-11-23 18:52:34,173 INFO mch.training: Model trained for Sarcoma, not saved
2025-11-23 18:52:34,174 INFO mch.training: Training model for node: Solid tumour
2025-11-23 18:52:49,228 INFO mch.training: Prefilter start: input shape=(48,600118), candidates=600117, topk=0, scan_max=20000, chunk_size=5000
2025-11-23 18:52:49,230 INFO mch.training: Prefilter bypass: kept=600117
2025-11-23 18:53:15,330 INFO mch.training: Train/Test shapes: X_train=(38, 600117), X_test=(10, 600117)
2025-11-23 18:53:15,331 INFO mch.training: DM enabled
2025-11-23 18:53:15,332 INFO mch.training: Pipeline steps: ['replace_inf', 'differentialMethylation', 'modelGeneration']
2025-11-23 21:34:24,922 INFO mch.training: [GS] Test accuracy: 0.3000, macro_f1: 0.1587, weighted_f1: 0.2571
2025-11-23 21:34:24,930 INFO mch.training: Model trained for Solid tumour, not saved
2025-11-23 21:34:24,931 INFO mch.training: Training model for node: Central nervous system
2025-11-23 21:34:40,034 INFO mch.training: Prefilter start: input shape=(129,600118), candidates=600117, topk=0, scan_max=20000, chunk_size=5000
2025-11-23 21:34:40,035 INFO mch.training: Prefilter bypass: kept=600117
2025-11-23 21:35:01,480 WARNING mch.training: Drop rare classes (<2 samples): Germ cell tumour, CNS, Peripheral nerve sheath tumour, CNS
2025-11-23 21:35:02,027 INFO mch.training: Train/Test shapes: X_train=(101, 600117), X_test=(26, 600117)
2025-11-23 21:35:02,028 INFO mch.training: DM enabled
2025-11-23 21:35:02,029 INFO mch.training: Pipeline steps: ['replace_inf', 'differentialMethylation', 'modelGeneration']
2025-11-24 01:55:06,559 INFO mch.training: [GS] Test accuracy: 0.1538, macro_f1: 0.0573, weighted_f1: 0.1125
2025-11-24 01:55:06,567 INFO mch.training: Model trained for Central nervous system, not saved
2025-11-24 01:55:06,568 INFO mch.training: Training model for node: Overgrowth syndrome
2025-11-24 11:03:55,835 INFO mch.training: Only training specified node: Haematological malignancy
2025-11-24 11:03:55,837 INFO mch.training: Training model for node: Haematological malignancy
2025-11-24 11:04:16,316 INFO mch.training: Prefilter start: input shape=(482,600118), candidates=600117, topk=0, scan_max=20000, chunk_size=5000
2025-11-24 11:04:16,317 INFO mch.training: Prefilter bypass: kept=600117
2025-11-24 11:04:43,457 INFO mch.training: Train/Test shapes: X_train=(385, 600117), X_test=(97, 600117)
2025-11-24 11:04:43,458 INFO mch.training: DM enabled
2025-11-24 11:04:43,460 INFO mch.training: Pipeline steps: ['replace_inf', 'differentialMethylation', 'modelGeneration']
2025-11-24 11:54:37,439 INFO mch.training: [GS] Test accuracy: 0.9588, macro_f1: 0.7231, weighted_f1: 0.9487
2025-11-24 11:54:37,446 INFO mch.training: Model trained for Haematological malignancy, not saved
2025-11-24 12:19:54,273 INFO mch.training: Only training specified node: Haematological malignancy
2025-11-24 12:19:54,274 INFO mch.training: Training model for node: Haematological malignancy
2025-11-24 12:20:15,412 INFO mch.training: Prefilter start: input shape=(482,600118), candidates=600117, topk=0, scan_max=20000, chunk_size=5000
2025-11-24 12:20:15,414 INFO mch.training: Prefilter bypass: kept=600117
2025-11-24 12:20:41,721 INFO mch.training: Train/Test shapes: X_train=(385, 600117), X_test=(97, 600117)
2025-11-24 12:20:41,723 INFO mch.training: DM enabled
2025-11-24 12:20:41,724 INFO mch.training: Pipeline steps: ['replace_inf', 'differentialMethylation', 'modelGeneration']
2025-11-24 13:10:21,950 INFO mch.training: [GS] Test accuracy: 0.9588, macro_f1: 0.7231, weighted_f1: 0.9487
2025-11-24 13:10:21,958 INFO mch.training: Model trained for Haematological malignancy, not saved
2025-11-25 04:06:50,868 INFO mch.training: Training model for node: Neuroblastoma
2025-11-25 04:07:14,986 INFO mch.training: Training model for node: Vascular/lymphatic anomalies
2025-11-25 04:07:28,619 INFO mch.training: Training model for node: Haematological malignancy
2025-11-25 04:07:49,518 INFO mch.training: Prefilter start: input shape=(482,600118), candidates=600117, topk=0, scan_max=20000, chunk_size=5000
2025-11-25 04:07:49,519 INFO mch.training: Prefilter bypass: kept=600117
2025-11-25 04:08:16,752 INFO mch.training: Train/Test shapes: X_train=(385, 600117), X_test=(97, 600117)
2025-11-25 04:08:16,754 INFO mch.training: DM enabled
2025-11-25 04:08:16,755 INFO mch.training: Pipeline steps: ['replace_inf', 'differentialMethylation', 'modelGeneration']
2025-11-25 05:05:57,762 INFO mch.training: Only training specified node: Haematological malignancy
2025-11-25 05:05:57,763 INFO mch.training: Training model for node: Haematological malignancy
2025-11-25 05:06:22,063 INFO mch.training: Prefilter start: input shape=(482,600118), candidates=600117, topk=200, scan_max=20000, chunk_size=5000
2025-11-25 05:06:22,558 INFO mch.training: Prefilter progress: scanned 5000/20000 columns
2025-11-25 05:06:23,013 INFO mch.training: Prefilter progress: scanned 10000/20000 columns
2025-11-25 05:06:23,486 INFO mch.training: Prefilter progress: scanned 15000/20000 columns
2025-11-25 05:06:23,958 INFO mch.training: Prefilter progress: scanned 20000/20000 columns
2025-11-25 05:06:24,398 INFO mch.training: Prefilter done: kept 200 features
2025-11-25 05:06:24,424 INFO mch.training: Train/Test shapes: X_train=(385, 200), X_test=(97, 200)
2025-11-25 05:06:24,425 INFO mch.training: DM disabled
2025-11-25 05:06:24,426 INFO mch.training: Pipeline steps: ['modelGeneration']
2025-11-25 05:06:24,429 INFO mch.training: Pipeline steps: ['modelGeneration']
2025-11-25 05:06:45,736 INFO mch.training: [GS] Test accuracy: 0.8866, macro_f1: 0.3593, weighted_f1: 0.8541
2025-11-25 05:06:45,746 INFO mch.training: Model trained for Haematological malignancy, not saved
2025-11-25 08:31:55,627 INFO mch.training: Only training specified node: Haematological malignancy
2025-11-25 08:31:55,628 INFO mch.training: Training model for node: Haematological malignancy
2025-11-25 08:32:49,983 INFO mch.training: Prefilter start: input shape=(482,600118), candidates=600117, topk=0, scan_max=20000, chunk_size=5000
2025-11-25 08:32:49,985 INFO mch.training: Prefilter bypass: kept=600117
2025-11-25 08:33:23,845 INFO mch.training: Train/Test shapes: X_train=(385, 600117), X_test=(97, 600117)
2025-11-25 08:33:23,847 INFO mch.training: DM enabled
2025-11-25 08:33:23,849 INFO mch.training: Pipeline steps: ['replace_inf', 'differentialMethylation', 'modelGeneration']
2025-11-25 10:59:02,183 INFO mch.training: Only training specified node: Ependymoma
2025-11-25 11:31:45,676 INFO mch.training: Only training specified node: Kidney tumour, Solid
2025-11-25 12:38:30,861 INFO mch.training: Only training specified node: Embryonal rhabdomyosarcoma
2025-11-25 13:17:31,250 INFO mch.training: Only training specified node: Leukaemia
2025-11-25 13:18:22,673 INFO mch.training: Only training specified node: Sarcoma
2025-11-25 13:18:22,675 INFO mch.training: Training model for node: Sarcoma
2025-11-25 13:18:45,221 INFO mch.training: Prefilter start: input shape=(392,600118), candidates=600117, topk=0, scan_max=20000, chunk_size=5000
2025-11-25 13:18:45,223 INFO mch.training: Prefilter bypass: kept=600117
2025-11-25 13:19:13,082 INFO mch.training: Train/Test shapes: X_train=(313, 600117), X_test=(79, 600117)
2025-11-25 13:19:13,084 INFO mch.training: DM enabled
2025-11-25 13:19:13,085 INFO mch.training: Pipeline steps: ['replace_inf', 'differentialMethylation', 'modelGeneration']
2025-11-25 15:18:12,402 INFO mch.training: Only training specified node: Haematological malignancy
2025-11-25 15:18:12,403 INFO mch.training: Training model for node: Haematological malignancy
2025-11-25 15:18:36,559 INFO mch.training: Prefilter start: input shape=(482,600118), candidates=600117, topk=0, scan_max=20000, chunk_size=5000
2025-11-25 15:18:36,561 INFO mch.training: Prefilter bypass: kept=600117
2025-11-25 15:19:07,444 INFO mch.training: Train/Test shapes: X_train=(385, 600117), X_test=(97, 600117)
2025-11-25 15:19:07,445 INFO mch.training: DM enabled
2025-11-25 15:19:07,447 INFO mch.training: Pipeline steps: ['replace_inf', 'differentialMethylation', 'modelGeneration']
2025-11-25 15:45:55,807 INFO mch.training: Only training specified node: Haematological malignancy
2025-11-25 15:45:55,809 INFO mch.training: Training model for node: Haematological malignancy
2025-11-25 15:46:19,437 INFO mch.training: Prefilter start: input shape=(482,600118), candidates=600117, topk=0, scan_max=20000, chunk_size=5000
2025-11-25 15:46:19,439 INFO mch.training: Prefilter bypass: kept=600117
2025-11-25 15:46:48,756 INFO mch.training: Train/Test shapes: X_train=(385, 600117), X_test=(97, 600117)
2025-11-25 15:46:48,758 INFO mch.training: DM enabled
2025-11-25 15:46:48,759 INFO mch.training: Pipeline steps: ['replace_inf', 'differentialMethylation', 'modelGeneration']
2025-11-25 17:16:01,359 INFO mch.training: Only training specified node: Haematological malignancy
2025-11-25 17:16:01,361 INFO mch.training: Training model for node: Haematological malignancy
2025-11-25 17:16:24,725 INFO mch.training: Prefilter start: input shape=(482,600118), candidates=600117, topk=0, scan_max=20000, chunk_size=5000
2025-11-25 17:16:24,726 INFO mch.training: Prefilter bypass: kept=600117
2025-11-25 17:16:54,565 INFO mch.training: Train/Test shapes: X_train=(385, 600117), X_test=(97, 600117)
2025-11-25 17:16:54,567 INFO mch.training: DM enabled
2025-11-25 17:16:54,568 INFO mch.training: Pipeline steps: ['replace_inf', 'differentialMethylation', 'modelGeneration']
2025-11-25 18:16:50,080 INFO mch.training: [GS] Test accuracy: 0.9588, macro_f1: 0.7231, weighted_f1: 0.9487
2025-11-25 18:16:50,090 INFO mch.training: Model trained for Haematological malignancy, not saved
2025-11-25 18:37:55,110 INFO mch.training: Only training specified node: Haematological malignancy
2025-11-25 18:37:55,112 INFO mch.training: Training model for node: Haematological malignancy
2025-11-25 18:38:20,225 INFO mch.training: Prefilter start: input shape=(482,600118), candidates=600117, topk=0, scan_max=20000, chunk_size=5000
2025-11-25 18:38:20,227 INFO mch.training: Prefilter bypass: kept=600117
2025-11-25 18:38:49,512 INFO mch.training: Train/Test shapes: X_train=(385, 600117), X_test=(97, 600117)
2025-11-25 18:38:49,514 INFO mch.training: DM enabled
2025-11-25 18:38:49,516 INFO mch.training: Pipeline steps: ['replace_inf', 'differentialMethylation', 'modelGeneration']
2025-11-25 18:41:02,569 INFO mch.training: Only training specified node: Haematological malignancy
2025-11-25 18:41:02,571 INFO mch.training: Training model for node: Haematological malignancy
2025-11-25 18:41:27,975 INFO mch.training: Prefilter start: input shape=(482,600118), candidates=600117, topk=0, scan_max=20000, chunk_size=5000
2025-11-25 18:41:27,977 INFO mch.training: Prefilter bypass: kept=600117
2025-11-25 18:42:03,743 INFO mch.training: Train/Test shapes: X_train=(385, 600117), X_test=(97, 600117)
2025-11-25 18:42:03,745 INFO mch.training: DM enabled
2025-11-25 18:42:03,747 INFO mch.training: Pipeline steps: ['replace_inf', 'differentialMethylation', 'modelGeneration']
2025-11-25 18:43:18,079 INFO mch.training: Only training specified node: Haematological malignancy
2025-11-25 18:43:18,080 INFO mch.training: Training model for node: Haematological malignancy
2025-11-25 18:43:44,062 INFO mch.training: Prefilter start: input shape=(482,600118), candidates=600117, topk=200, scan_max=20000, chunk_size=5000
2025-11-25 18:43:44,640 INFO mch.training: Prefilter progress: scanned 5000/20000 columns
2025-11-25 18:43:45,200 INFO mch.training: Prefilter progress: scanned 10000/20000 columns
2025-11-25 18:43:45,786 INFO mch.training: Prefilter progress: scanned 15000/20000 columns
2025-11-25 18:43:46,355 INFO mch.training: Prefilter progress: scanned 20000/20000 columns
2025-11-25 18:43:46,863 INFO mch.training: Prefilter done: kept 200 features
2025-11-25 18:43:46,886 INFO mch.training: Train/Test shapes: X_train=(385, 200), X_test=(97, 200)
2025-11-25 18:43:46,887 INFO mch.training: DM disabled
2025-11-25 18:43:46,888 INFO mch.training: Pipeline steps: ['modelGeneration']
2025-11-25 18:43:46,889 INFO mch.training: Pipeline steps: ['modelGeneration']
2025-11-25 18:43:48,211 INFO mch.training: [GS] Test accuracy: 0.8866, macro_f1: 0.3593, weighted_f1: 0.8541
2025-11-25 18:43:48,220 INFO mch.training: Model trained for Haematological malignancy, not saved
2025-11-25 18:47:23,978 INFO mch.training: Only training specified node: Haematological malignancy
2025-11-25 18:47:23,979 INFO mch.training: Training model for node: Haematological malignancy
2025-11-25 19:40:31,652 INFO mch.training: Only training specified node: Haematological malignancy
2025-11-25 19:40:31,654 INFO mch.training: Training model for node: Haematological malignancy
2025-11-25 19:40:56,041 INFO mch.training: Prefilter start: input shape=(482,600118), candidates=600117, topk=200, scan_max=20000, chunk_size=5000
2025-11-25 19:40:56,595 INFO mch.training: Prefilter progress: scanned 5000/20000 columns
2025-11-25 19:40:57,139 INFO mch.training: Prefilter progress: scanned 10000/20000 columns
2025-11-25 19:40:57,675 INFO mch.training: Prefilter progress: scanned 15000/20000 columns
2025-11-25 19:40:58,293 INFO mch.training: Prefilter progress: scanned 20000/20000 columns
2025-11-25 19:40:58,778 INFO mch.training: Prefilter done: kept 200 features
2025-11-25 19:40:58,799 INFO mch.training: Train/Test shapes: X_train=(385, 200), X_test=(97, 200)
2025-11-25 19:40:58,800 INFO mch.training: DM disabled
2025-11-25 19:40:58,802 INFO mch.training: Pipeline steps: ['modelGeneration']
2025-11-25 19:40:58,803 INFO mch.training: Pipeline steps: ['modelGeneration']
2025-11-25 19:41:00,580 INFO mch.training: [GS] Test accuracy: 0.8866, macro_f1: 0.3593, weighted_f1: 0.8541
2025-11-25 19:41:00,590 INFO mch.training: Model trained for Haematological malignancy, not saved
2025-11-25 19:44:42,717 INFO mch.training: Only training specified node: Haematological malignancy
2025-11-25 19:44:42,719 INFO mch.training: Training model for node: Haematological malignancy
2025-11-25 19:45:08,010 INFO mch.training: Prefilter start: input shape=(482,600118), candidates=600117, topk=200, scan_max=20000, chunk_size=5000
2025-11-25 19:45:08,562 INFO mch.training: Prefilter progress: scanned 5000/20000 columns
2025-11-25 19:45:09,076 INFO mch.training: Prefilter progress: scanned 10000/20000 columns
2025-11-25 19:45:09,625 INFO mch.training: Prefilter progress: scanned 15000/20000 columns
2025-11-25 19:45:10,147 INFO mch.training: Prefilter progress: scanned 20000/20000 columns
2025-11-25 19:45:10,605 INFO mch.training: Prefilter done: kept 200 features
2025-11-25 19:45:10,633 INFO mch.training: Train/Test shapes: X_train=(385, 200), X_test=(97, 200)
2025-11-25 19:45:10,634 INFO mch.training: DM disabled
2025-11-25 19:45:10,636 INFO mch.training: Pipeline steps: ['modelGeneration']
2025-11-25 19:45:10,637 INFO mch.training: Pipeline steps: ['modelGeneration']
2025-11-25 19:45:12,419 INFO mch.training: [GS] Test accuracy: 0.8866, macro_f1: 0.3593, weighted_f1: 0.8541
2025-11-25 19:45:12,428 INFO mch.training: Model trained for Haematological malignancy, not saved
2025-11-25 19:46:03,959 INFO mch.training: Only training specified node: Haematological malignancy
2025-11-25 19:46:03,960 INFO mch.training: Training model for node: Haematological malignancy
2025-11-25 19:46:29,542 INFO mch.training: Prefilter start: input shape=(482,600118), candidates=600117, topk=0, scan_max=20000, chunk_size=5000
2025-11-25 19:46:29,545 INFO mch.training: Prefilter bypass: kept=600117
2025-11-25 19:46:59,935 INFO mch.training: Train/Test shapes: X_train=(385, 600117), X_test=(97, 600117)
2025-11-25 19:46:59,936 INFO mch.training: DM enabled
2025-11-25 19:46:59,938 INFO mch.training: Pipeline steps: ['replace_inf', 'differentialMethylation', 'modelGeneration']
2025-11-25 20:24:57,272 INFO mch.training: Only training specified node: Lymphoma
2025-11-25 21:29:16,405 INFO mch.training: Only training specified node: FOXO1 fusion negative rhabdomyosarcoma
2025-11-25 22:03:11,776 INFO mch.training: Only training specified node: Embryonal rhabdomyosarcoma
2025-11-25 22:42:23,661 INFO mch.training: Only training specified node: Sarcoma
2025-11-25 22:42:23,663 INFO mch.training: Training model for node: Sarcoma
2025-11-25 22:42:47,078 INFO mch.training: Prefilter start: input shape=(392,600118), candidates=600117, topk=0, scan_max=20000, chunk_size=5000
2025-11-25 22:42:47,079 INFO mch.training: Prefilter bypass: kept=600117
2025-11-25 22:43:15,805 INFO mch.training: Train/Test shapes: X_train=(313, 600117), X_test=(79, 600117)
2025-11-25 22:43:15,807 INFO mch.training: DM enabled
2025-11-25 22:43:15,808 INFO mch.training: Pipeline steps: ['replace_inf', 'differentialMethylation', 'modelGeneration']
2025-11-26 00:28:25,176 INFO mch.training: [GS] Test accuracy: 0.8734, macro_f1: 0.5182, weighted_f1: 0.8522
2025-11-26 00:28:25,188 INFO mch.training: Model trained for Sarcoma, not saved
2025-11-26 07:27:40,119 INFO mch.training: Only training specified node: Haematological malignancy
2025-11-26 07:27:40,120 INFO mch.training: Training model for node: Haematological malignancy
2025-11-26 07:28:03,577 INFO mch.training: Prefilter start: input shape=(482,600118), candidates=600117, topk=0, scan_max=20000, chunk_size=5000
2025-11-26 07:28:03,579 INFO mch.training: Prefilter bypass: kept=600117
2025-11-26 07:28:33,826 INFO mch.training: Train/Test shapes: X_train=(385, 600117), X_test=(97, 600117)
2025-11-26 07:28:33,828 INFO mch.training: DM enabled
2025-11-26 07:28:33,829 INFO mch.training: Pipeline steps: ['replace_inf', 'differentialMethylation', 'modelGeneration']
